,state/region,ages,year,population,state
0,AL,under18,2012,1117489.0,Alabama
1,AL,total,2012,4817528.0,Alabama
2,AL,under18,2010,1130966.0,Alabama
3,AL,total,2010,4785570.0,Alabama
4,AL,under18,2011,1125763.0,Alabama
5,AL,total,2011,4801627.0,Alabama
6,AL,total,2009,4757938.0,Alabama
7,AL,under18,2009,1134192.0,Alabama
8,AL,under18,2013,1111481.0,Alabama
9,AL,total,2013,4833722.0,Alabama
10,AL,total,2007,4672840.0,Alabama
11,AL,under18,2007,1132296.0,Alabama
12,AL,total,2008,4718206.0,Alabama
13,AL,under18,2008,1134927.0,Alabama
14,AL,total,2005,4569805.0,Alabama
15,AL,under18,2005,1117229.0,Alabama
16,AL,total,2006,4628981.0,Alabama
17,AL,under18,2006,1126798.0,Alabama
18,AL,total,2004,4530729.0,Alabama
19,AL,under18,2004,1113662.0,Alabama
20,AL,total,2003,4503491.0,Alabama
21,AL,under18,2003,1113083.0,Alabama
22,AL,total,2001,4467634.0,Alabama
23,AL,under18,2001,1120409.0,Alabama
24,AL,total,2002,4480089.0,Alabama
25,AL,under18,2002,1116590.0,Alabama
26,AL,under18,1999,1121287.0,Alabama
27,AL,total,1999,4430141.0,Alabama
28,AL,total,2000,4452173.0,Alabama
29,AL,under18,2000,1122273.0,Alabama
30,AL,total,1998,4404701.0,Alabama
31,AL,under18,1998,1118252.0,Alabama
32,AL,under18,1997,1122893.0,Alabama
33,AL,total,1997,4367935.0,Alabama
34,AL,total,1996,4331103.0,Alabama
35,AL,total,1995,4296800.0,Alabama
36,AL,under18,1995,1110553.0,Alabama
37,AL,under18,1996,1112092.0,Alabama
38,AL,total,1994,4260229.0,Alabama
39,AL,total,1993,4214202.0,Alabama
40,AL,under18,1993,1085606.0,Alabama
41,AL,under18,1994,1097180.0,Alabama
42,AL,under18,1992,1072873.0,Alabama
43,AL,total,1992,4154014.0,Alabama
44,AL,total,1991,4099156.0,Alabama
45,AL,under18,1991,1060794.0,Alabama
46,AL,under18,1990,1050041.0,Alabama
47,AL,total,1990,4050055.0,Alabama
48,AK,total,1990,553290.0,Alaska
49,AK,under18,1990,177502.0,Alaska
50,AK,total,1992,588736.0,Alaska
51,AK,under18,1991,182180.0,Alaska
52,AK,under18,1992,184878.0,Alaska
53,AK,total,1994,603308.0,Alaska
54,AK,under18,1994,187439.0,Alaska
55,AK,total,1991,570193.0,Alaska
56,AK,total,1993,599434.0,Alaska
57,AK,under18,1993,187190.0,Alaska
58,AK,total,1995,604412.0,Alaska
59,AK,under18,1995,184990.0,Alaska
60,AK,total,1996,608569.0,Alaska
61,AK,under18,1996,185360.0,Alaska
62,AK,under18,1997,188280.0,Alaska
63,AK,under18,1998,192636.0,Alaska
64,AK,total,1998,619933.0,Alaska
65,AK,total,1997,612968.0,Alaska
66,AK,under18,1999,191422.0,Alaska
67,AK,total,1999,624779.0,Alaska
68,AK,total,2000,627963.0,Alaska
69,AK,under18,2000,190615.0,Alaska
70,AK,total,2001,633714.0,Alaska
71,AK,under18,2001,188771.0,Alaska
72,AK,total,2002,642337.0,Alaska
73,AK,under18,2002,188482.0,Alaska
74,AK,total,2003,648414.0,Alaska
75,AK,under18,2003,186843.0,Alaska
76,AK,total,2004,659286.0,Alaska
77,AK,under18,2004,186335.0,Alaska
78,AK,total,2005,666946.0,Alaska
79,AK,under18,2005,185304.0,Alaska
80,AK,total,2006,675302.0,Alaska
81,AK,under18,2006,185580.0,Alaska
82,AK,total,2007,680300.0,Alaska
83,AK,under18,2007,184344.0,Alaska
84,AK,total,2008,687455.0,Alaska
85,AK,under18,2008,183124.0,Alaska
86,AK,under18,2013,188132.0,Alaska
87,AK,total,2013,735132.0,Alaska
88,AK,total,2009,698895.0,Alaska
89,AK,under18,2009,186351.0,Alaska
90,AK,under18,2010,187902.0,Alaska
91,AK,total,2010,713868.0,Alaska
92,AK,under18,2011,188329.0,Alaska
93,AK,total,2011,723375.0,Alaska
94,AK,under18,2012,188162.0,Alaska
95,AK,total,2012,730307.0,Alaska
96,AZ,under18,2012,1617149.0,Arizona
97,AZ,total,2012,6551149.0,Arizona
98,AZ,under18,2011,1616353.0,Arizona
99,AZ,total,2011,6468796.0,Arizona
100,AZ,under18,2010,1628563.0,Arizona
101,AZ,total,2010,6408790.0,Arizona
102,AZ,under18,2013,1616814.0,Arizona
103,AZ,total,2013,6626624.0,Arizona
104,AZ,total,2009,6343154.0,Arizona
105,AZ,under18,2009,1627343.0,Arizona
106,AZ,total,2007,6167681.0,Arizona
107,AZ,under18,2007,1607895.0,Arizona
108,AZ,total,2008,6280362.0,Arizona
109,AZ,under18,2008,1628651.0,Arizona
110,AZ,total,2005,5839077.0,Arizona
111,AZ,under18,2005,1529168.0,Arizona
112,AZ,total,2006,6029141.0,Arizona
113,AZ,under18,2006,1574867.0,Arizona
114,AZ,total,2004,5652404.0,Arizona
115,AZ,under18,2004,1484454.0,Arizona
116,AZ,total,2003,5510364.0,Arizona
117,AZ,under18,2003,1453671.0,Arizona
118,AZ,total,2001,5273477.0,Arizona
119,AZ,under18,2001,1399015.0,Arizona
120,AZ,total,2002,5396255.0,Arizona
121,AZ,under18,2002,1427938.0,Arizona
122,AZ,under18,1999,1332396.0,Arizona
123,AZ,total,1999,5023823.0,Arizona
124,AZ,total,2000,5160586.0,Arizona
125,AZ,under18,2000,1373414.0,Arizona
126,AZ,total,1998,4883342.0,Arizona
127,AZ,under18,1998,1285794.0,Arizona
128,AZ,total,1997,4736990.0,Arizona
129,AZ,under18,1997,1237159.0,Arizona
130,AZ,under18,1996,1215285.0,Arizona
131,AZ,total,1996,4586940.0,Arizona
132,AZ,total,1995,4432499.0,Arizona
133,AZ,under18,1995,1173391.0,Arizona
134,AZ,total,1993,4065440.0,Arizona
135,AZ,under18,1993,1094233.0,Arizona
136,AZ,under18,1994,1119857.0,Arizona
137,AZ,total,1994,4245089.0,Arizona
138,AZ,under18,1992,1055572.0,Arizona
139,AZ,under18,1991,1028285.0,Arizona
140,AZ,total,1991,3788576.0,Arizona
141,AZ,total,1992,3915740.0,Arizona
142,AZ,under18,1990,1006040.0,Arizona
143,AZ,total,1990,3684097.0,Arizona
144,AR,under18,1990,620933.0,Arkansas
145,AR,total,1990,2356586.0,Arkansas
146,AR,total,1991,2383144.0,Arkansas
147,AR,under18,1991,626212.0,Arkansas
148,AR,under18,1992,638269.0,Arkansas
149,AR,total,1992,2415984.0,Arkansas
150,AR,under18,1994,653842.0,Arkansas
151,AR,total,1994,2494019.0,Arkansas
152,AR,total,1993,2456303.0,Arkansas
153,AR,under18,1993,643474.0,Arkansas
154,AR,under18,1995,667671.0,Arkansas
155,AR,total,1995,2535399.0,Arkansas
156,AR,under18,1996,677912.0,Arkansas
157,AR,total,1996,2572109.0,Arkansas
158,AR,under18,1998,683637.0,Arkansas
159,AR,total,1997,2601091.0,Arkansas
160,AR,under18,1997,680203.0,Arkansas
161,AR,total,1998,2626289.0,Arkansas
162,AR,total,2000,2678588.0,Arkansas
163,AR,under18,2000,680378.0,Arkansas
164,AR,under18,1999,681940.0,Arkansas
165,AR,total,1999,2651860.0,Arkansas
166,AR,total,2002,2705927.0,Arkansas
167,AR,under18,2002,678798.0,Arkansas
168,AR,total,2001,2691571.0,Arkansas
169,AR,under18,2001,679606.0,Arkansas
170,AR,total,2004,2749686.0,Arkansas
171,AR,under18,2004,683166.0,Arkansas
172,AR,total,2003,2724816.0,Arkansas
173,AR,under18,2003,679579.0,Arkansas
174,AR,total,2006,2821761.0,Arkansas
175,AR,under18,2006,697842.0,Arkansas
176,AR,total,2005,2781097.0,Arkansas
177,AR,under18,2005,689787.0,Arkansas
178,AR,total,2008,2874554.0,Arkansas
179,AR,under18,2008,705725.0,Arkansas
180,AR,total,2007,2848650.0,Arkansas
181,AR,under18,2007,702737.0,Arkansas
182,AR,total,2009,2896843.0,Arkansas
183,AR,under18,2009,707886.0,Arkansas
184,AR,under18,2013,709866.0,Arkansas
185,AR,total,2013,2959373.0,Arkansas
186,AR,under18,2011,710576.0,Arkansas
187,AR,total,2011,2938506.0,Arkansas
188,AR,under18,2010,711947.0,Arkansas
189,AR,total,2010,2922280.0,Arkansas
190,AR,under18,2012,710471.0,Arkansas
191,AR,total,2012,2949828.0,Arkansas
192,CA,under18,2012,9209007.0,California
193,CA,total,2012,37999878.0,California
194,CA,under18,2011,9252336.0,California
195,CA,total,2011,37668681.0,California
196,CA,under18,2010,9284094.0,California
197,CA,total,2010,37333601.0,California
198,CA,under18,2013,9174877.0,California
199,CA,total,2013,38332521.0,California
200,CA,total,2009,36961229.0,California
201,CA,under18,2009,9294501.0,California
202,CA,total,2007,36250311.0,California
203,CA,under18,2007,9335620.0,California
204,CA,total,2008,36604337.0,California
205,CA,under18,2008,9321621.0,California
206,CA,total,2005,35827943.0,California
207,CA,under18,2005,9405565.0,California
208,CA,total,2006,36021202.0,California
209,CA,under18,2006,9370884.0,California
210,CA,total,2003,35253159.0,California
211,CA,under18,2003,9404594.0,California
212,CA,total,2004,35574576.0,California
213,CA,under18,2004,9418497.0,California
214,CA,total,2001,34479458.0,California
215,CA,under18,2001,9325466.0,California
216,CA,total,2002,34871843.0,California
217,CA,under18,2002,9365142.0,California
218,CA,under18,1999,9207878.0,California
219,CA,total,1999,33499204.0,California
220,CA,total,2000,33987977.0,California
221,CA,under18,2000,9267089.0,California
222,CA,under18,1998,9163238.0,California
223,CA,total,1998,32987675.0,California
224,CA,under18,1997,9135359.0,California
225,CA,total,1997,32486010.0,California
226,CA,under18,1996,9079519.0,California
227,CA,total,1996,32018834.0,California
228,CA,total,1995,31696582.0,California
229,CA,under18,1995,8920578.0,California
230,CA,total,1993,31274928.0,California
231,CA,under18,1993,8624810.0,California
232,CA,under18,1994,8790058.0,California
233,CA,total,1994,31484435.0,California
234,CA,total,1991,30470736.0,California
235,CA,under18,1991,8245605.0,California
236,CA,under18,1992,8439647.0,California
237,CA,total,1992,30974659.0,California
238,CA,under18,1990,7980501.0,California
239,CA,total,1990,29959515.0,California
240,CO,total,1990,3307618.0,Colorado
241,CO,under18,1990,881640.0,Colorado
242,CO,total,1992,3495939.0,Colorado
243,CO,under18,1992,925577.0,Colorado
244,CO,under18,1991,896537.0,Colorado
245,CO,total,1991,3387119.0,Colorado
246,CO,total,1994,3724168.0,Colorado
247,CO,under18,1994,966412.0,Colorado
248,CO,under18,1993,947806.0,Colorado
249,CO,total,1993,3613734.0,Colorado
250,CO,under18,1995,984310.0,Colorado
251,CO,total,1995,3826653.0,Colorado
252,CO,total,1996,3919972.0,Colorado
253,CO,under18,1996,1003946.0,Colorado
254,CO,under18,1997,1030557.0,Colorado
255,CO,total,1997,4018293.0,Colorado
256,CO,total,1998,4116639.0,Colorado
257,CO,under18,1998,1060066.0,Colorado
258,CO,total,2000,4326921.0,Colorado
259,CO,under18,2000,1106676.0,Colorado
260,CO,total,1999,4226018.0,Colorado
261,CO,under18,1999,1083938.0,Colorado
262,CO,total,2002,4490406.0,Colorado
263,CO,under18,2002,1138273.0,Colorado
264,CO,total,2001,4425687.0,Colorado
265,CO,under18,2001,1126647.0,Colorado
266,CO,total,2004,4575013.0,Colorado
267,CO,under18,2004,1146369.0,Colorado
268,CO,total,2003,4528732.0,Colorado
269,CO,under18,2003,1144597.0,Colorado
270,CO,total,2006,4720423.0,Colorado
271,CO,under18,2006,1171832.0,Colorado
272,CO,total,2005,4631888.0,Colorado
273,CO,under18,2005,1156399.0,Colorado
274,CO,total,2008,4889730.0,Colorado
275,CO,under18,2008,1203289.0,Colorado
276,CO,total,2007,4803868.0,Colorado
277,CO,under18,2007,1189434.0,Colorado
278,CO,total,2009,4972195.0,Colorado
279,CO,under18,2009,1217213.0,Colorado
280,CO,under18,2013,1237932.0,Colorado
281,CO,total,2013,5268367.0,Colorado
282,CO,under18,2010,1226619.0,Colorado
283,CO,total,2010,5048196.0,Colorado
284,CO,under18,2011,1230178.0,Colorado
285,CO,total,2011,5118400.0,Colorado
286,CO,under18,2012,1232864.0,Colorado
287,CO,total,2012,5189458.0,Colorado
288,CT,under18,2012,794959.0,Connecticut
289,CT,total,2012,3591765.0,Connecticut
290,CT,under18,2011,805109.0,Connecticut
291,CT,total,2011,3588948.0,Connecticut
292,CT,under18,2010,814187.0,Connecticut
293,CT,total,2010,3579210.0,Connecticut
294,CT,under18,2013,785566.0,Connecticut
295,CT,total,2013,3596080.0,Connecticut
296,CT,total,2009,3561807.0,Connecticut
297,CT,under18,2009,820839.0,Connecticut
298,CT,total,2007,3527270.0,Connecticut
299,CT,under18,2007,833484.0,Connecticut
300,CT,total,2008,3545579.0,Connecticut
301,CT,under18,2008,826626.0,Connecticut
302,CT,total,2005,3506956.0,Connecticut
303,CT,under18,2005,844034.0,Connecticut
304,CT,total,2006,3517460.0,Connecticut
305,CT,under18,2006,839372.0,Connecticut
306,CT,total,2003,3484336.0,Connecticut
307,CT,under18,2003,851115.0,Connecticut
308,CT,total,2004,3496094.0,Connecticut
309,CT,under18,2004,848979.0,Connecticut
310,CT,total,2001,3432835.0,Connecticut
311,CT,under18,2001,845850.0,Connecticut
312,CT,total,2002,3458749.0,Connecticut
313,CT,under18,2002,848877.0,Connecticut
314,CT,total,1999,3386401.0,Connecticut
315,CT,under18,1999,834654.0,Connecticut
316,CT,total,2000,3411777.0,Connecticut
317,CT,under18,2000,842242.0,Connecticut
318,CT,under18,1998,824600.0,Connecticut
319,CT,total,1998,3365352.0,Connecticut
320,CT,total,1997,3349348.0,Connecticut
321,CT,under18,1997,814373.0,Connecticut
322,CT,under18,1996,811855.0,Connecticut
323,CT,total,1996,3336685.0,Connecticut
324,CT,total,1995,3324144.0,Connecticut
325,CT,under18,1995,808623.0,Connecticut
326,CT,total,1993,3309175.0,Connecticut
327,CT,under18,1993,790749.0,Connecticut
328,CT,under18,1994,801231.0,Connecticut
329,CT,total,1994,3316121.0,Connecticut
330,CT,under18,1991,766304.0,Connecticut
331,CT,total,1991,3302895.0,Connecticut
332,CT,under18,1992,777264.0,Connecticut
333,CT,total,1992,3300712.0,Connecticut
334,CT,total,1990,3291967.0,Connecticut
335,CT,under18,1990,752666.0,Connecticut
336,DE,under18,1990,165628.0,Delaware
337,DE,total,1990,669567.0,Delaware
338,DE,under18,1992,174166.0,Delaware
339,DE,total,1992,694927.0,Delaware
340,DE,total,1991,683080.0,Delaware
341,DE,under18,1991,169910.0,Delaware
342,DE,total,1994,717545.0,Delaware
343,DE,under18,1994,180833.0,Delaware
344,DE,total,1993,706378.0,Delaware
345,DE,under18,1993,176916.0,Delaware
346,DE,under18,1995,181736.0,Delaware
347,DE,total,1995,729735.0,Delaware
348,DE,total,1996,740978.0,Delaware
349,DE,under18,1996,184021.0,Delaware
350,DE,under18,1997,186607.0,Delaware
351,DE,total,1997,751487.0,Delaware
352,DE,total,1998,763335.0,Delaware
353,DE,under18,1998,189302.0,Delaware
354,DE,total,2000,786373.0,Delaware
355,DE,under18,2000,194914.0,Delaware
356,DE,total,1999,774990.0,Delaware
357,DE,under18,1999,192510.0,Delaware
358,DE,total,2002,806169.0,Delaware
359,DE,under18,2002,196946.0,Delaware
360,DE,total,2001,795699.0,Delaware
361,DE,under18,2001,196038.0,Delaware
362,DE,total,2004,830803.0,Delaware
363,DE,under18,2004,199631.0,Delaware
364,DE,total,2003,818003.0,Delaware
365,DE,under18,2003,198045.0,Delaware
366,DE,total,2006,859268.0,Delaware
367,DE,under18,2006,203729.0,Delaware
368,DE,total,2005,845150.0,Delaware
369,DE,under18,2005,201988.0,Delaware
370,DE,total,2008,883874.0,Delaware
371,DE,under18,2008,206116.0,Delaware
372,DE,total,2007,871749.0,Delaware
373,DE,under18,2007,205155.0,Delaware
374,DE,under18,2013,203558.0,Delaware
375,DE,total,2013,925749.0,Delaware
376,DE,total,2009,891730.0,Delaware
377,DE,under18,2009,206213.0,Delaware
378,DE,under18,2010,205478.0,Delaware
379,DE,total,2010,899711.0,Delaware
380,DE,under18,2011,204801.0,Delaware
381,DE,total,2011,907985.0,Delaware
382,DE,under18,2012,204586.0,Delaware
383,DE,total,2012,917053.0,Delaware
384,DC,under18,2012,107642.0,District of Columbia
385,DC,total,2012,633427.0,District of Columbia
386,DC,under18,2011,103906.0,District of Columbia
387,DC,total,2011,619624.0,District of Columbia
388,DC,under18,2010,101309.0,District of Columbia
389,DC,total,2010,605125.0,District of Columbia
390,DC,under18,2013,111474.0,District of Columbia
391,DC,total,2013,646449.0,District of Columbia
392,DC,total,2009,592228.0,District of Columbia
393,DC,under18,2009,102098.0,District of Columbia
394,DC,total,2007,574404.0,District of Columbia
395,DC,under18,2007,104126.0,District of Columbia
396,DC,total,2008,580236.0,District of Columbia
397,DC,under18,2008,102257.0,District of Columbia
398,DC,total,2005,567136.0,District of Columbia
399,DC,under18,2005,107187.0,District of Columbia
400,DC,total,2006,570681.0,District of Columbia
401,DC,under18,2006,105651.0,District of Columbia
402,DC,total,2003,568502.0,District of Columbia
403,DC,under18,2003,111403.0,District of Columbia
404,DC,total,2004,567754.0,District of Columbia
405,DC,under18,2004,109756.0,District of Columbia
406,DC,total,2001,574504.0,District of Columbia
407,DC,under18,2001,114625.0,District of Columbia
408,DC,total,2002,573158.0,District of Columbia
409,DC,under18,2002,113822.0,District of Columbia
410,DC,total,1999,570220.0,District of Columbia
411,DC,under18,1999,115003.0,District of Columbia
412,DC,total,2000,572046.0,District of Columbia
413,DC,under18,2000,114503.0,District of Columbia
414,DC,under18,1998,113839.0,District of Columbia
415,DC,total,1998,565232.0,District of Columbia
416,DC,under18,1997,119531.0,District of Columbia
417,DC,total,1997,567739.0,District of Columbia
418,DC,under18,1996,121210.0,District of Columbia
419,DC,total,1996,572379.0,District of Columbia
420,DC,total,1995,580519.0,District of Columbia
421,DC,under18,1995,123620.0,District of Columbia
422,DC,total,1993,595302.0,District of Columbia
423,DC,under18,1993,120471.0,District of Columbia
424,DC,under18,1994,122170.0,District of Columbia
425,DC,total,1994,589240.0,District of Columbia
426,DC,total,1991,600870.0,District of Columbia
427,DC,under18,1991,116825.0,District of Columbia
428,DC,under18,1992,118636.0,District of Columbia
429,DC,total,1992,597567.0,District of Columbia
430,DC,under18,1990,112632.0,District of Columbia
431,DC,total,1990,605321.0,District of Columbia
432,FL,total,1990,13033307.0,Florida
433,FL,under18,1990,2988807.0,Florida
434,FL,under18,1991,3045638.0,Florida
435,FL,total,1991,13369798.0,Florida
436,FL,total,1994,14239444.0,Florida
437,FL,under18,1994,3299887.0,Florida
438,FL,under18,1993,3214066.0,Florida
439,FL,total,1993,13927185.0,Florida
440,FL,total,1992,13650553.0,Florida
441,FL,under18,1992,3120439.0,Florida
442,FL,under18,1995,3366468.0,Florida
443,FL,total,1995,14537875.0,Florida
444,FL,total,1996,14853360.0,Florida
445,FL,under18,1996,3431695.0,Florida
446,FL,under18,1998,3557561.0,Florida
447,FL,under18,1997,3502269.0,Florida
448,FL,total,1997,15186304.0,Florida
449,FL,total,1998,15486559.0,Florida
450,FL,total,1999,15759421.0,Florida
451,FL,under18,1999,3611711.0,Florida
452,FL,total,2000,16047515.0,Florida
453,FL,under18,2000,3654880.0,Florida
454,FL,total,2001,16356966.0,Florida
455,FL,under18,2001,3714439.0,Florida
456,FL,total,2002,16689370.0,Florida
457,FL,under18,2002,3774624.0,Florida
458,FL,total,2003,17004085.0,Florida
459,FL,under18,2003,3820876.0,Florida
460,FL,total,2004,17415318.0,Florida
461,FL,under18,2004,3890734.0,Florida
462,FL,total,2005,17842038.0,Florida
463,FL,under18,2005,3968178.0,Florida
464,FL,total,2006,18166990.0,Florida
465,FL,under18,2006,4022912.0,Florida
466,FL,total,2007,18367842.0,Florida
467,FL,under18,2007,4031098.0,Florida
468,FL,total,2008,18527305.0,Florida
469,FL,under18,2008,4018372.0,Florida
470,FL,total,2009,18652644.0,Florida
471,FL,under18,2009,3997283.0,Florida
472,FL,under18,2013,4026674.0,Florida
473,FL,total,2013,19552860.0,Florida
474,FL,under18,2010,3999532.0,Florida
475,FL,total,2010,18846054.0,Florida
476,FL,under18,2011,4002550.0,Florida
477,FL,total,2011,19083482.0,Florida
478,FL,under18,2012,4012421.0,Florida
479,FL,total,2012,19320749.0,Florida
480,GA,total,2012,9915646.0,Georgia
481,GA,under18,2012,2487831.0,Georgia
482,GA,under18,2011,2488898.0,Georgia
483,GA,total,2011,9810181.0,Georgia
484,GA,under18,2010,2490884.0,Georgia
485,GA,total,2010,9713248.0,Georgia
486,GA,total,2013,9992167.0,Georgia
487,GA,total,2009,9620846.0,Georgia
488,GA,under18,2009,2485781.0,Georgia
489,GA,under18,2013,2489709.0,Georgia
490,GA,total,2007,9349988.0,Georgia
491,GA,under18,2007,2456249.0,Georgia
492,GA,total,2008,9504843.0,Georgia
493,GA,under18,2008,2479097.0,Georgia
494,GA,total,2005,8925922.0,Georgia
495,GA,under18,2005,2353604.0,Georgia
496,GA,total,2006,9155813.0,Georgia
497,GA,under18,2006,2406014.0,Georgia
498,GA,total,2003,8622793.0,Georgia
499,GA,under18,2003,2278710.0,Georgia
500,GA,total,2004,8769252.0,Georgia
501,GA,under18,2004,2308855.0,Georgia
502,GA,total,2001,8377038.0,Georgia
503,GA,under18,2001,2215390.0,Georgia
504,GA,total,2002,8508256.0,Georgia
505,GA,under18,2002,2249784.0,Georgia
506,GA,total,1999,8045965.0,Georgia
507,GA,under18,1999,2130698.0,Georgia
508,GA,total,2000,8227303.0,Georgia
509,GA,under18,2000,2176576.0,Georgia
510,GA,total,1997,7685099.0,Georgia
511,GA,under18,1997,2034163.0,Georgia
512,GA,under18,1998,2078998.0,Georgia
513,GA,total,1998,7863536.0,Georgia
514,GA,under18,1996,1993171.0,Georgia
515,GA,total,1996,7501069.0,Georgia
516,GA,total,1995,7328413.0,Georgia
517,GA,under18,1995,1949818.0,Georgia
518,GA,under18,1992,1817781.0,Georgia
519,GA,total,1992,6817203.0,Georgia
520,GA,total,1993,6978240.0,Georgia
521,GA,under18,1993,1865021.0,Georgia
522,GA,under18,1994,1906539.0,Georgia
523,GA,total,1994,7157165.0,Georgia
524,GA,total,1991,6653005.0,Georgia
525,GA,under18,1991,1773675.0,Georgia
526,GA,under18,1990,1747363.0,Georgia
527,GA,total,1990,6512602.0,Georgia
528,HI,under18,1990,279983.0,Hawaii
529,HI,total,1990,1113491.0,Hawaii
530,HI,total,1991,1136754.0,Hawaii
531,HI,under18,1991,287871.0,Hawaii
532,HI,under18,1994,307517.0,Hawaii
533,HI,total,1994,1187536.0,Hawaii
534,HI,total,1993,1172838.0,Hawaii
535,HI,under18,1993,301473.0,Hawaii
536,HI,under18,1992,295124.0,Hawaii
537,HI,total,1992,1158613.0,Hawaii
538,HI,total,1995,1196854.0,Hawaii
539,HI,under18,1995,310325.0,Hawaii
540,HI,under18,1996,311213.0,Hawaii
541,HI,total,1996,1203755.0,Hawaii
542,HI,under18,1998,304576.0,Hawaii
543,HI,total,1998,1215233.0,Hawaii
544,HI,total,1997,1211640.0,Hawaii
545,HI,under18,1997,309465.0,Hawaii
546,HI,total,2000,1213519.0,Hawaii
547,HI,under18,2000,295352.0,Hawaii
548,HI,total,1999,1210300.0,Hawaii
549,HI,under18,1999,299680.0,Hawaii
550,HI,total,2002,1239613.0,Hawaii
551,HI,under18,2002,293600.0,Hawaii
552,HI,total,2001,1225948.0,Hawaii
553,HI,under18,2001,294133.0,Hawaii
554,HI,total,2004,1273569.0,Hawaii
555,HI,under18,2004,298103.0,Hawaii
556,HI,total,2003,1251154.0,Hawaii
557,HI,under18,2003,294519.0,Hawaii
558,HI,total,2006,1309731.0,Hawaii
559,HI,under18,2006,299313.0,Hawaii
560,HI,total,2005,1292729.0,Hawaii
561,HI,under18,2005,298497.0,Hawaii
562,HI,total,2008,1332213.0,Hawaii
563,HI,under18,2008,301094.0,Hawaii
564,HI,total,2007,1315675.0,Hawaii
565,HI,under18,2007,300207.0,Hawaii
566,HI,under18,2013,307266.0,Hawaii
567,HI,total,2009,1346717.0,Hawaii
568,HI,under18,2009,302796.0,Hawaii
569,HI,total,2013,1404054.0,Hawaii
570,HI,total,2010,1363731.0,Hawaii
571,HI,under18,2010,303812.0,Hawaii
572,HI,total,2011,1376897.0,Hawaii
573,HI,under18,2011,305396.0,Hawaii
574,HI,under18,2012,305981.0,Hawaii
575,HI,total,2012,1390090.0,Hawaii
576,ID,total,2012,1595590.0,Idaho
577,ID,under18,2012,427177.0,Idaho
578,ID,under18,2011,428535.0,Idaho
579,ID,total,2011,1583930.0,Idaho
580,ID,under18,2010,428961.0,Idaho
581,ID,total,2010,1570718.0,Idaho
582,ID,total,2013,1612136.0,Idaho
583,ID,total,2009,1554439.0,Idaho
584,ID,under18,2009,426076.0,Idaho
585,ID,under18,2013,427781.0,Idaho
586,ID,total,2007,1505105.0,Idaho
587,ID,under18,2007,415024.0,Idaho
588,ID,total,2008,1534320.0,Idaho
589,ID,under18,2008,422347.0,Idaho
590,ID,total,2005,1428241.0,Idaho
591,ID,under18,2005,394651.0,Idaho
592,ID,total,2006,1468669.0,Idaho
593,ID,under18,2006,404753.0,Idaho
594,ID,total,2003,1363380.0,Idaho
595,ID,under18,2003,379241.0,Idaho
596,ID,total,2004,1391802.0,Idaho
597,ID,under18,2004,384692.0,Idaho
598,ID,total,2001,1319962.0,Idaho
599,ID,under18,2001,373145.0,Idaho
600,ID,total,2002,1340372.0,Idaho
601,ID,under18,2002,375986.0,Idaho
602,ID,total,1999,1275674.0,Idaho
603,ID,under18,1999,366689.0,Idaho
604,ID,total,2000,1299430.0,Idaho
605,ID,under18,2000,370430.0,Idaho
606,ID,total,1997,1228520.0,Idaho
607,ID,under18,1997,357779.0,Idaho
608,ID,under18,1998,362189.0,Idaho
609,ID,total,1998,1252330.0,Idaho
610,ID,under18,1996,353824.0,Idaho
611,ID,total,1996,1203083.0,Idaho
612,ID,total,1995,1177322.0,Idaho
613,ID,under18,1995,349248.0,Idaho
614,ID,under18,1992,324972.0,Idaho
615,ID,total,1992,1071685.0,Idaho
616,ID,total,1993,1108768.0,Idaho
617,ID,under18,1993,333838.0,Idaho
618,ID,under18,1994,344242.0,Idaho
619,ID,total,1994,1145140.0,Idaho
620,ID,total,1991,1041316.0,Idaho
621,ID,under18,1991,316732.0,Idaho
622,ID,under18,1990,313373.0,Idaho
623,ID,total,1990,1012384.0,Idaho
624,IL,under18,1990,2940837.0,Illinois
625,IL,total,1990,11453316.0,Illinois
626,IL,total,1991,11568964.0,Illinois
627,IL,under18,1991,2988715.0,Illinois
628,IL,under18,1994,3110938.0,Illinois
629,IL,total,1994,11912585.0,Illinois
630,IL,total,1993,11809579.0,Illinois
631,IL,under18,1993,3066541.0,Illinois
632,IL,under18,1992,3033427.0,Illinois
633,IL,total,1992,11694184.0,Illinois
634,IL,total,1995,12008437.0,Illinois
635,IL,under18,1995,3152984.0,Illinois
636,IL,under18,1996,3192916.0,Illinois
637,IL,total,1996,12101997.0,Illinois
638,IL,under18,1998,3225252.0,Illinois
639,IL,total,1998,12271847.0,Illinois
640,IL,total,1997,12185715.0,Illinois
641,IL,under18,1997,3222114.0,Illinois
642,IL,total,2000,12434161.0,Illinois
643,IL,under18,2000,3244944.0,Illinois
644,IL,total,1999,12359020.0,Illinois
645,IL,under18,1999,3240034.0,Illinois
646,IL,total,2002,12525556.0,Illinois
647,IL,under18,2002,3238362.0,Illinois
648,IL,total,2001,12488445.0,Illinois
649,IL,under18,2001,3243617.0,Illinois
650,IL,total,2004,12589773.0,Illinois
651,IL,under18,2004,3211599.0,Illinois
652,IL,total,2003,12556006.0,Illinois
653,IL,under18,2003,3225547.0,Illinois
654,IL,total,2006,12643955.0,Illinois
655,IL,under18,2006,3181246.0,Illinois
656,IL,total,2005,12609903.0,Illinois
657,IL,under18,2005,3197318.0,Illinois
658,IL,total,2008,12747038.0,Illinois
659,IL,under18,2008,3153401.0,Illinois
660,IL,total,2007,12695866.0,Illinois
661,IL,under18,2007,3170134.0,Illinois
662,IL,under18,2013,3023307.0,Illinois
663,IL,total,2009,12796778.0,Illinois
664,IL,under18,2009,3138406.0,Illinois
665,IL,total,2013,12882135.0,Illinois
666,IL,total,2010,12839695.0,Illinois
667,IL,under18,2010,3122092.0,Illinois
668,IL,total,2011,12855970.0,Illinois
669,IL,under18,2011,3089833.0,Illinois
670,IL,under18,2012,3057042.0,Illinois
671,IL,total,2012,12868192.0,Illinois
672,IN,total,2012,6537782.0,Indiana
673,IN,under18,2012,1589655.0,Indiana
674,IN,under18,2011,1598091.0,Indiana
675,IN,total,2011,6516336.0,Indiana
676,IN,under18,2010,1605883.0,Indiana
677,IN,total,2010,6489965.0,Indiana
678,IN,total,2013,6570902.0,Indiana
679,IN,total,2009,6459325.0,Indiana
680,IN,under18,2009,1609704.0,Indiana
681,IN,under18,2013,1586027.0,Indiana
682,IN,total,2007,6379599.0,Indiana
683,IN,under18,2007,1609494.0,Indiana
684,IN,total,2008,6424806.0,Indiana
685,IN,under18,2008,1611494.0,Indiana
686,IN,total,2005,6278616.0,Indiana
687,IN,under18,2005,1593898.0,Indiana
688,IN,total,2006,6332669.0,Indiana
689,IN,under18,2006,1603107.0,Indiana
690,IN,total,2003,6196638.0,Indiana
691,IN,under18,2003,1582560.0,Indiana
692,IN,total,2004,6233007.0,Indiana
693,IN,under18,2004,1586281.0,Indiana
694,IN,total,2001,6127760.0,Indiana
695,IN,under18,2001,1579527.0,Indiana
696,IN,total,2002,6155967.0,Indiana
697,IN,under18,2002,1580814.0,Indiana
698,IN,total,1999,6044970.0,Indiana
699,IN,under18,1999,1566079.0,Indiana
700,IN,total,2000,6091866.0,Indiana
701,IN,under18,2000,1574989.0,Indiana
702,IN,total,1997,5955267.0,Indiana
703,IN,under18,1997,1539270.0,Indiana
704,IN,under18,1998,1551960.0,Indiana
705,IN,total,1998,5998881.0,Indiana
706,IN,under18,1996,1517961.0,Indiana
707,IN,total,1996,5906013.0,Indiana
708,IN,total,1995,5851459.0,Indiana
709,IN,under18,1995,1507916.0,Indiana
710,IN,under18,1992,1461650.0,Indiana
711,IN,total,1992,5674547.0,Indiana
712,IN,total,1993,5739019.0,Indiana
713,IN,under18,1993,1473007.0,Indiana
714,IN,under18,1994,1491802.0,Indiana
715,IN,total,1994,5793526.0,Indiana
716,IN,total,1991,5616388.0,Indiana
717,IN,under18,1991,1450759.0,Indiana
718,IN,under18,1990,1437209.0,Indiana
719,IN,total,1990,5557798.0,Indiana
720,IA,under18,1990,719366.0,Iowa
721,IA,total,1990,2781018.0,Iowa
722,IA,total,1991,2797613.0,Iowa
723,IA,under18,1991,724446.0,Iowa
724,IA,under18,1994,728397.0,Iowa
725,IA,total,1994,2850746.0,Iowa
726,IA,total,1993,2836972.0,Iowa
727,IA,under18,1993,727751.0,Iowa
728,IA,under18,1992,724798.0,Iowa
729,IA,total,1992,2818401.0,Iowa
730,IA,total,1995,2867373.0,Iowa
731,IA,under18,1995,726961.0,Iowa
732,IA,under18,1996,729177.0,Iowa
733,IA,total,1996,2880001.0,Iowa
734,IA,under18,1998,729943.0,Iowa
735,IA,total,1998,2902872.0,Iowa
736,IA,total,1997,2891119.0,Iowa
737,IA,under18,1997,729806.0,Iowa
738,IA,total,2000,2929067.0,Iowa
739,IA,under18,2000,733337.0,Iowa
740,IA,total,1999,2917634.0,Iowa
741,IA,under18,1999,732671.0,Iowa
742,IA,total,2002,2934234.0,Iowa
743,IA,under18,2002,723685.0,Iowa
744,IA,total,2001,2931997.0,Iowa
745,IA,under18,2001,728601.0,Iowa
746,IA,total,2004,2953635.0,Iowa
747,IA,under18,2004,718708.0,Iowa
748,IA,total,2003,2941999.0,Iowa
749,IA,under18,2003,720102.0,Iowa
750,IA,total,2006,2982644.0,Iowa
751,IA,under18,2006,721703.0,Iowa
752,IA,total,2005,2964454.0,Iowa
753,IA,under18,2005,718488.0,Iowa
754,IA,total,2008,3016734.0,Iowa
755,IA,under18,2008,725658.0,Iowa
756,IA,total,2007,2999212.0,Iowa
757,IA,under18,2007,723632.0,Iowa
758,IA,under18,2013,724032.0,Iowa
759,IA,total,2009,3032870.0,Iowa
760,IA,under18,2009,726969.0,Iowa
761,IA,total,2013,3090416.0,Iowa
762,IA,total,2010,3050314.0,Iowa
763,IA,under18,2010,727717.0,Iowa
764,IA,total,2011,3064102.0,Iowa
765,IA,under18,2011,725522.0,Iowa
766,IA,under18,2012,723917.0,Iowa
767,IA,total,2012,3075039.0,Iowa
768,KS,total,2012,2885398.0,Kansas
769,KS,under18,2012,726668.0,Kansas
770,KS,under18,2011,726787.0,Kansas
771,KS,total,2011,2869548.0,Kansas
772,KS,under18,2010,727729.0,Kansas
773,KS,total,2010,2858910.0,Kansas
774,KS,total,2013,2893957.0,Kansas
775,KS,total,2009,2832704.0,Kansas
776,KS,under18,2009,721841.0,Kansas
777,KS,under18,2013,724092.0,Kansas
778,KS,total,2007,2783785.0,Kansas
779,KS,under18,2007,711005.0,Kansas
780,KS,total,2008,2808076.0,Kansas
781,KS,under18,2008,714689.0,Kansas
782,KS,total,2005,2745299.0,Kansas
783,KS,under18,2005,704689.0,Kansas
784,KS,total,2006,2762931.0,Kansas
785,KS,under18,2006,705277.0,Kansas
786,KS,total,2003,2723004.0,Kansas
787,KS,under18,2003,707847.0,Kansas
788,KS,total,2004,2734373.0,Kansas
789,KS,under18,2004,705456.0,Kansas
790,KS,total,2001,2702162.0,Kansas
791,KS,under18,2001,710923.0,Kansas
792,KS,total,2002,2713535.0,Kansas
793,KS,under18,2002,709416.0,Kansas
794,KS,total,1999,2678338.0,Kansas
795,KS,under18,1999,713022.0,Kansas
796,KS,total,2000,2693681.0,Kansas
797,KS,under18,2000,713887.0,Kansas
798,KS,total,1997,2635292.0,Kansas
799,KS,under18,1997,704001.0,Kansas
800,KS,under18,1998,710402.0,Kansas
801,KS,total,1998,2660598.0,Kansas
802,KS,under18,1996,696298.0,Kansas
803,KS,total,1996,2614554.0,Kansas
804,KS,total,1995,2601008.0,Kansas
805,KS,under18,1995,694124.0,Kansas
806,KS,under18,1992,680871.0,Kansas
807,KS,total,1992,2532395.0,Kansas
808,KS,total,1993,2556547.0,Kansas
809,KS,under18,1993,687262.0,Kansas
810,KS,under18,1994,693673.0,Kansas
811,KS,total,1994,2580513.0,Kansas
812,KS,total,1991,2498722.0,Kansas
813,KS,under18,1991,672033.0,Kansas
814,KS,under18,1990,662641.0,Kansas
815,KS,total,1990,2481349.0,Kansas
816,KY,under18,1990,945951.0,Kentucky
817,KY,total,1990,3694048.0,Kentucky
818,KY,total,1991,3722328.0,Kentucky
819,KY,under18,1991,951512.0,Kentucky
820,KY,under18,1994,981439.0,Kentucky
821,KY,total,1994,3849088.0,Kentucky
822,KY,total,1993,3812206.0,Kentucky
823,KY,under18,1993,971134.0,Kentucky
824,KY,under18,1992,963861.0,Kentucky
825,KY,total,1992,3765469.0,Kentucky
826,KY,total,1995,3887427.0,Kentucky
827,KY,under18,1995,984486.0,Kentucky
828,KY,under18,1996,987062.0,Kentucky
829,KY,total,1996,3919536.0,Kentucky
830,KY,under18,1998,997296.0,Kentucky
831,KY,total,1998,3985391.0,Kentucky
832,KY,total,1997,3952747.0,Kentucky
833,KY,under18,1997,1002609.0,Kentucky
834,KY,total,2000,4049021.0,Kentucky
835,KY,under18,2000,994984.0,Kentucky
836,KY,total,1999,4018053.0,Kentucky
837,KY,under18,1999,996382.0,Kentucky
838,KY,total,2002,4089875.0,Kentucky
839,KY,under18,2002,995251.0,Kentucky
840,KY,total,2001,4068132.0,Kentucky
841,KY,under18,2001,994105.0,Kentucky
842,KY,total,2004,4146101.0,Kentucky
843,KY,under18,2004,998459.0,Kentucky
844,KY,total,2003,4117170.0,Kentucky
845,KY,under18,2003,998485.0,Kentucky
846,KY,total,2006,4219239.0,Kentucky
847,KY,under18,2006,1011295.0,Kentucky
848,KY,total,2005,4182742.0,Kentucky
849,KY,under18,2005,1004020.0,Kentucky
850,KY,total,2008,4289878.0,Kentucky
851,KY,under18,2008,1022001.0,Kentucky
852,KY,total,2007,4256672.0,Kentucky
853,KY,under18,2007,1016288.0,Kentucky
854,KY,under18,2013,1014004.0,Kentucky
855,KY,total,2009,4317074.0,Kentucky
856,KY,under18,2009,1021710.0,Kentucky
857,KY,total,2013,4395295.0,Kentucky
858,KY,total,2010,4347698.0,Kentucky
859,KY,under18,2010,1023679.0,Kentucky
860,KY,total,2011,4366869.0,Kentucky
861,KY,under18,2011,1021926.0,Kentucky
862,KY,under18,2012,1017350.0,Kentucky
863,KY,total,2012,4379730.0,Kentucky
864,LA,total,2012,4602134.0,Louisiana
865,LA,under18,2012,1114620.0,Louisiana
866,LA,under18,2011,1116579.0,Louisiana
867,LA,total,2011,4575197.0,Louisiana
868,LA,under18,2010,1118576.0,Louisiana
869,LA,total,2010,4545392.0,Louisiana
870,LA,total,2013,4625470.0,Louisiana
871,LA,total,2009,4491648.0,Louisiana
872,LA,under18,2009,1114228.0,Louisiana
873,LA,under18,2013,1112957.0,Louisiana
874,LA,total,2007,4375581.0,Louisiana
875,LA,under18,2007,1096642.0,Louisiana
876,LA,total,2008,4435586.0,Louisiana
877,LA,under18,2008,1108728.0,Louisiana
878,LA,total,2005,4576628.0,Louisiana
879,LA,under18,2005,1177954.0,Louisiana
880,LA,total,2006,4302665.0,Louisiana
881,LA,under18,2006,1078779.0,Louisiana
882,LA,total,2003,4521042.0,Louisiana
883,LA,under18,2003,1188070.0,Louisiana
884,LA,total,2004,4552238.0,Louisiana
885,LA,under18,2004,1182731.0,Louisiana
886,LA,total,2001,4477875.0,Louisiana
887,LA,under18,2001,1204187.0,Louisiana
888,LA,total,2002,4497267.0,Louisiana
889,LA,under18,2002,1194819.0,Louisiana
890,LA,total,2000,4471885.0,Louisiana
891,LA,under18,2000,1217670.0,Louisiana
892,LA,total,1999,4460811.0,Louisiana
893,LA,under18,1999,1227167.0,Louisiana
894,LA,total,1997,4421072.0,Louisiana
895,LA,under18,1997,1239665.0,Louisiana
896,LA,under18,1998,1232984.0,Louisiana
897,LA,total,1998,4440344.0,Louisiana
898,LA,under18,1996,1244627.0,Louisiana
899,LA,total,1996,4398877.0,Louisiana
900,LA,total,1995,4378779.0,Louisiana
901,LA,under18,1995,1250112.0,Louisiana
902,LA,under18,1992,1237034.0,Louisiana
903,LA,total,1992,4293003.0,Louisiana
904,LA,total,1993,4316428.0,Louisiana
905,LA,under18,1993,1239161.0,Louisiana
906,LA,under18,1994,1247631.0,Louisiana
907,LA,total,1994,4347481.0,Louisiana
908,LA,total,1991,4253279.0,Louisiana
909,LA,under18,1991,1222330.0,Louisiana
910,LA,under18,1990,1205984.0,Louisiana
911,LA,total,1990,4221532.0,Louisiana
912,ME,under18,1990,308066.0,Maine
913,ME,total,1990,1231719.0,Maine
914,ME,total,1991,1237081.0,Maine
915,ME,under18,1991,309871.0,Maine
916,ME,under18,1994,311570.0,Maine
917,ME,total,1994,1242662.0,Maine
918,ME,total,1993,1242302.0,Maine
919,ME,under18,1993,310966.0,Maine
920,ME,under18,1992,310679.0,Maine
921,ME,total,1992,1238508.0,Maine
922,ME,total,1995,1243481.0,Maine
923,ME,under18,1995,309173.0,Maine
924,ME,under18,1996,307740.0,Maine
925,ME,total,1996,1249060.0,Maine
926,ME,under18,1998,304496.0,Maine
927,ME,total,1998,1259127.0,Maine
928,ME,total,1997,1254774.0,Maine
929,ME,under18,1997,305097.0,Maine
930,ME,total,1999,1266808.0,Maine
931,ME,under18,1999,302321.0,Maine
932,ME,total,2000,1277072.0,Maine
933,ME,under18,2000,301407.0,Maine
934,ME,total,2002,1295960.0,Maine
935,ME,under18,2002,298595.0,Maine
936,ME,total,2001,1285692.0,Maine
937,ME,under18,2001,300088.0,Maine
938,ME,total,2004,1313688.0,Maine
939,ME,under18,2004,294791.0,Maine
940,ME,total,2003,1306513.0,Maine
941,ME,under18,2003,296786.0,Maine
942,ME,total,2006,1323619.0,Maine
943,ME,under18,2006,288945.0,Maine
944,ME,total,2005,1318787.0,Maine
945,ME,under18,2005,292039.0,Maine
946,ME,total,2008,1330509.0,Maine
947,ME,under18,2008,282204.0,Maine
948,ME,total,2007,1327040.0,Maine
949,ME,under18,2007,286185.0,Maine
950,ME,under18,2013,261276.0,Maine
951,ME,total,2009,1329590.0,Maine
952,ME,under18,2009,277946.0,Maine
953,ME,total,2013,1328302.0,Maine
954,ME,total,2010,1327366.0,Maine
955,ME,under18,2010,273061.0,Maine
956,ME,total,2011,1327844.0,Maine
957,ME,under18,2011,268737.0,Maine
958,ME,under18,2012,264846.0,Maine
959,ME,total,2012,1328501.0,Maine
960,MD,total,2012,5884868.0,Maryland
961,MD,under18,2012,1346235.0,Maryland
962,MD,under18,2011,1348766.0,Maryland
963,MD,total,2011,5840241.0,Maryland
964,MD,under18,2010,1351983.0,Maryland
965,MD,total,2010,5787193.0,Maryland
966,MD,total,2013,5928814.0,Maryland
967,MD,total,2009,5730388.0,Maryland
968,MD,under18,2009,1353631.0,Maryland
969,MD,under18,2013,1344522.0,Maryland
970,MD,total,2007,5653408.0,Maryland
971,MD,under18,2007,1369563.0,Maryland
972,MD,total,2008,5684965.0,Maryland
973,MD,under18,2008,1359214.0,Maryland
974,MD,total,2005,5592379.0,Maryland
975,MD,under18,2005,1382966.0,Maryland
976,MD,total,2006,5627367.0,Maryland
977,MD,under18,2006,1377756.0,Maryland
978,MD,total,2003,5496269.0,Maryland
979,MD,under18,2003,1379641.0,Maryland
980,MD,total,2004,5546935.0,Maryland
981,MD,under18,2004,1383450.0,Maryland
982,MD,total,2001,5374691.0,Maryland
983,MD,under18,2001,1366552.0,Maryland
984,MD,total,2002,5440389.0,Maryland
985,MD,under18,2002,1375354.0,Maryland
986,MD,total,2000,5311034.0,Maryland
987,MD,under18,2000,1356961.0,Maryland
988,MD,total,1999,5254509.0,Maryland
989,MD,under18,1999,1348659.0,Maryland
990,MD,total,1997,5157328.0,Maryland
991,MD,under18,1997,1321306.0,Maryland
992,MD,under18,1998,1338727.0,Maryland
993,MD,total,1998,5204464.0,Maryland
994,MD,under18,1996,1303816.0,Maryland
995,MD,total,1996,5111986.0,Maryland
996,MD,total,1995,5070033.0,Maryland
997,MD,under18,1995,1300695.0,Maryland
998,MD,under18,1992,1235498.0,Maryland
999,MD,total,1992,4923369.0,Maryland
1000,MD,total,1993,4971889.0,Maryland
1001,MD,under18,1993,1261738.0,Maryland
1002,MD,under18,1994,1280772.0,Maryland
1003,MD,total,1994,5023060.0,Maryland
1004,MD,total,1991,4867641.0,Maryland
1005,MD,under18,1991,1208898.0,Maryland
1006,MD,under18,1990,1180426.0,Maryland
1007,MD,total,1990,4799770.0,Maryland
1008,MA,under18,1990,1353806.0,Massachusetts
1009,MA,total,1990,6022639.0,Massachusetts
1010,MA,total,1991,6018470.0,Massachusetts
1011,MA,under18,1991,1375110.0,Massachusetts
1012,MA,under18,1994,1437069.0,Massachusetts
1013,MA,total,1994,6095241.0,Massachusetts
1014,MA,total,1993,6060569.0,Massachusetts
1015,MA,under18,1993,1415724.0,Massachusetts
1016,MA,under18,1992,1390188.0,Massachusetts
1017,MA,total,1992,6028709.0,Massachusetts
1018,MA,total,1995,6141445.0,Massachusetts
1019,MA,under18,1995,1453489.0,Massachusetts
1020,MA,under18,1996,1468614.0,Massachusetts
1021,MA,total,1996,6179756.0,Massachusetts
1022,MA,under18,1998,1491652.0,Massachusetts
1023,MA,total,1998,6271838.0,Massachusetts
1024,MA,total,1997,6226058.0,Massachusetts
1025,MA,under18,1997,1478203.0,Massachusetts
1026,MA,total,1999,6317345.0,Massachusetts
1027,MA,under18,1999,1495818.0,Massachusetts
1028,MA,total,2000,6361104.0,Massachusetts
1029,MA,under18,2000,1501334.0,Massachusetts
1030,MA,total,2001,6397634.0,Massachusetts
1031,MA,under18,2001,1505028.0,Massachusetts
1032,MA,total,2002,6417206.0,Massachusetts
1033,MA,under18,2002,1502652.0,Massachusetts
1034,MA,total,2004,6412281.0,Massachusetts
1035,MA,under18,2004,1479541.0,Massachusetts
1036,MA,total,2003,6422565.0,Massachusetts
1037,MA,under18,2003,1493372.0,Massachusetts
1038,MA,total,2006,6410084.0,Massachusetts
1039,MA,under18,2006,1450202.0,Massachusetts
1040,MA,total,2005,6403290.0,Massachusetts
1041,MA,under18,2005,1464140.0,Massachusetts
1042,MA,total,2008,6468967.0,Massachusetts
1043,MA,under18,2008,1429727.0,Massachusetts
1044,MA,total,2007,6431559.0,Massachusetts
1045,MA,under18,2007,1439757.0,Massachusetts
1046,MA,under18,2013,1393946.0,Massachusetts
1047,MA,total,2009,6517613.0,Massachusetts
1048,MA,under18,2009,1422935.0,Massachusetts
1049,MA,total,2013,6692824.0,Massachusetts
1050,MA,total,2010,6563263.0,Massachusetts
1051,MA,under18,2010,1415962.0,Massachusetts
1052,MA,total,2011,6606285.0,Massachusetts
1053,MA,under18,2011,1407240.0,Massachusetts
1054,MA,under18,2012,1399417.0,Massachusetts
1055,MA,total,2012,6645303.0,Massachusetts
1056,MI,total,2012,9882519.0,Michigan
1057,MI,under18,2012,2269365.0,Michigan
1058,MI,under18,2011,2299116.0,Michigan
1059,MI,total,2011,9874589.0,Michigan
1060,MI,under18,2010,2333121.0,Michigan
1061,MI,total,2010,9876149.0,Michigan
1062,MI,total,2013,9895622.0,Michigan
1063,MI,total,2009,9901591.0,Michigan
1064,MI,under18,2009,2372603.0,Michigan
1065,MI,under18,2013,2245201.0,Michigan
1066,MI,total,2007,10001284.0,Michigan
1067,MI,under18,2007,2470063.0,Michigan
1068,MI,total,2008,9946889.0,Michigan
1069,MI,under18,2008,2418879.0,Michigan
1070,MI,total,2005,10051137.0,Michigan
1071,MI,under18,2005,2531839.0,Michigan
1072,MI,total,2006,10036081.0,Michigan
1073,MI,under18,2006,2503548.0,Michigan
1074,MI,total,2003,10041152.0,Michigan
1075,MI,under18,2003,2569080.0,Michigan
1076,MI,total,2004,10055315.0,Michigan
1077,MI,under18,2004,2553314.0,Michigan
1078,MI,total,2002,10015710.0,Michigan
1079,MI,under18,2002,2584310.0,Michigan
1080,MI,total,2001,9991120.0,Michigan
1081,MI,under18,2001,2593310.0,Michigan
1082,MI,total,2000,9952450.0,Michigan
1083,MI,under18,2000,2596114.0,Michigan
1084,MI,total,1999,9897116.0,Michigan
1085,MI,under18,1999,2591944.0,Michigan
1086,MI,total,1997,9809051.0,Michigan
1087,MI,under18,1997,2582270.0,Michigan
1088,MI,under18,1998,2586343.0,Michigan
1089,MI,total,1998,9847942.0,Michigan
1090,MI,under18,1996,2569745.0,Michigan
1091,MI,total,1996,9758645.0,Michigan
1092,MI,total,1995,9676211.0,Michigan
1093,MI,under18,1995,2556799.0,Michigan
1094,MI,under18,1992,2501765.0,Michigan
1095,MI,total,1992,9479065.0,Michigan
1096,MI,total,1993,9540114.0,Michigan
1097,MI,under18,1993,2522249.0,Michigan
1098,MI,under18,1994,2535196.0,Michigan
1099,MI,total,1994,9597737.0,Michigan
1100,MI,total,1991,9400446.0,Michigan
1101,MI,under18,1991,2484957.0,Michigan
1102,MI,under18,1990,2459633.0,Michigan
1103,MI,total,1990,9311319.0,Michigan
1104,MN,under18,1990,1176680.0,Minnesota
1105,MN,total,1990,4389857.0,Minnesota
1106,MN,total,1991,4440859.0,Minnesota
1107,MN,under18,1991,1191207.0,Minnesota
1108,MN,under18,1994,1238949.0,Minnesota
1109,MN,total,1994,4610355.0,Minnesota
1110,MN,total,1993,4555956.0,Minnesota
1111,MN,under18,1993,1226723.0,Minnesota
1112,MN,under18,1992,1213068.0,Minnesota
1113,MN,total,1992,4495572.0,Minnesota
1114,MN,total,1995,4660180.0,Minnesota
1115,MN,under18,1995,1245932.0,Minnesota
1116,MN,under18,1996,1252722.0,Minnesota
1117,MN,total,1996,4712827.0,Minnesota
1118,MN,under18,1998,1275940.0,Minnesota
1119,MN,total,1998,4813412.0,Minnesota
1120,MN,total,1997,4763390.0,Minnesota
1121,MN,under18,1997,1264250.0,Minnesota
1122,MN,total,1999,4873481.0,Minnesota
1123,MN,under18,1999,1283102.0,Minnesota
1124,MN,total,2000,4933692.0,Minnesota
1125,MN,under18,2000,1289715.0,Minnesota
1126,MN,total,2001,4982796.0,Minnesota
1127,MN,under18,2001,1291261.0,Minnesota
1128,MN,total,2002,5018935.0,Minnesota
1129,MN,under18,2002,1288795.0,Minnesota
1130,MN,total,2004,5087713.0,Minnesota
1131,MN,under18,2004,1281946.0,Minnesota
1132,MN,total,2003,5053572.0,Minnesota
1133,MN,under18,2003,1283687.0,Minnesota
1134,MN,total,2006,5163555.0,Minnesota
1135,MN,under18,2006,1282381.0,Minnesota
1136,MN,total,2005,5119598.0,Minnesota
1137,MN,under18,2005,1280557.0,Minnesota
1138,MN,total,2008,5247018.0,Minnesota
1139,MN,under18,2008,1284179.0,Minnesota
1140,MN,total,2007,5207203.0,Minnesota
1141,MN,under18,2007,1285074.0,Minnesota
1142,MN,under18,2013,1279111.0,Minnesota
1143,MN,total,2009,5281203.0,Minnesota
1144,MN,under18,2009,1284103.0,Minnesota
1145,MN,total,2013,5420380.0,Minnesota
1146,MN,total,2010,5310337.0,Minnesota
1147,MN,under18,2010,1282693.0,Minnesota
1148,MN,total,2011,5347108.0,Minnesota
1149,MN,under18,2011,1280424.0,Minnesota
1150,MN,under18,2012,1278050.0,Minnesota
1151,MN,total,2012,5379646.0,Minnesota
1152,MS,total,2012,2986450.0,Mississippi
1153,MS,under18,2012,742941.0,Mississippi
1154,MS,under18,2011,747742.0,Mississippi
1155,MS,total,2011,2977886.0,Mississippi
1156,MS,under18,2010,754111.0,Mississippi
1157,MS,total,2010,2970047.0,Mississippi
1158,MS,total,2013,2991207.0,Mississippi
1159,MS,total,2009,2958774.0,Mississippi
1160,MS,under18,2009,758539.0,Mississippi
1161,MS,under18,2013,737432.0,Mississippi
1162,MS,total,2007,2928350.0,Mississippi
1163,MS,under18,2007,761171.0,Mississippi
1164,MS,total,2008,2947806.0,Mississippi
1165,MS,under18,2008,760572.0,Mississippi
1166,MS,total,2005,2905943.0,Mississippi
1167,MS,under18,2005,760870.0,Mississippi
1168,MS,total,2006,2904978.0,Mississippi
1169,MS,under18,2006,756990.0,Mississippi
1170,MS,total,2003,2868312.0,Mississippi
1171,MS,under18,2003,759447.0,Mississippi
1172,MS,total,2004,2889010.0,Mississippi
1173,MS,under18,2004,760410.0,Mississippi
1174,MS,total,2002,2858681.0,Mississippi
1175,MS,under18,2002,763148.0,Mississippi
1176,MS,total,2001,2852994.0,Mississippi
1177,MS,under18,2001,768418.0,Mississippi
1178,MS,total,2000,2848353.0,Mississippi
1179,MS,under18,2000,774353.0,Mississippi
1180,MS,total,1999,2828408.0,Mississippi
1181,MS,under18,1999,775662.0,Mississippi
1182,MS,total,1997,2777004.0,Mississippi
1183,MS,under18,1997,774832.0,Mississippi
1184,MS,under18,1998,773721.0,Mississippi
1185,MS,total,1998,2804834.0,Mississippi
1186,MS,under18,1996,769680.0,Mississippi
1187,MS,total,1996,2748085.0,Mississippi
1188,MS,total,1995,2722659.0,Mississippi
1189,MS,under18,1995,767892.0,Mississippi
1190,MS,under18,1992,750224.0,Mississippi
1191,MS,total,1992,2623734.0,Mississippi
1192,MS,total,1993,2655100.0,Mississippi
1193,MS,under18,1993,755820.0,Mississippi
1194,MS,under18,1994,763795.0,Mississippi
1195,MS,total,1994,2688992.0,Mississippi
1196,MS,total,1991,2598733.0,Mississippi
1197,MS,under18,1991,738911.0,Mississippi
1198,MS,under18,1990,733660.0,Mississippi
1199,MS,total,1990,2578897.0,Mississippi
1200,MO,under18,1990,1316423.0,Missouri
1201,MO,total,1990,5128880.0,Missouri
1202,MO,total,1991,5170800.0,Missouri
1203,MO,under18,1991,1332306.0,Missouri
1204,MO,under18,1994,1378700.0,Missouri
1205,MO,total,1994,5324497.0,Missouri
1206,MO,total,1993,5271175.0,Missouri
1207,MO,under18,1993,1365903.0,Missouri
1208,MO,under18,1992,1349729.0,Missouri
1209,MO,total,1992,5217101.0,Missouri
1210,MO,under18,1996,1408732.0,Missouri
1211,MO,total,1996,5431553.0,Missouri
1212,MO,total,1995,5378247.0,Missouri
1213,MO,under18,1995,1393554.0,Missouri
1214,MO,under18,1998,1428999.0,Missouri
1215,MO,total,1998,5521765.0,Missouri
1216,MO,total,1997,5481193.0,Missouri
1217,MO,under18,1997,1419837.0,Missouri
1218,MO,total,1999,5561948.0,Missouri
1219,MO,under18,1999,1428047.0,Missouri
1220,MO,total,2000,5607285.0,Missouri
1221,MO,under18,2000,1428383.0,Missouri
1222,MO,total,2001,5641142.0,Missouri
1223,MO,under18,2001,1426575.0,Missouri
1224,MO,total,2002,5674825.0,Missouri
1225,MO,under18,2002,1424513.0,Missouri
1226,MO,total,2004,5747741.0,Missouri
1227,MO,under18,2004,1420956.0,Missouri
1228,MO,total,2003,5709403.0,Missouri
1229,MO,under18,2003,1421927.0,Missouri
1230,MO,total,2006,5842704.0,Missouri
1231,MO,under18,2006,1428324.0,Missouri
1232,MO,total,2005,5790300.0,Missouri
1233,MO,under18,2005,1422978.0,Missouri
1234,MO,total,2008,5923916.0,Missouri
1235,MO,under18,2008,1428945.0,Missouri
1236,MO,total,2007,5887612.0,Missouri
1237,MO,under18,2007,1431346.0,Missouri
1238,MO,under18,2013,1397685.0,Missouri
1239,MO,total,2009,5961088.0,Missouri
1240,MO,under18,2009,1426603.0,Missouri
1241,MO,total,2013,6044171.0,Missouri
1242,MO,total,2010,5996063.0,Missouri
1243,MO,under18,2010,1424042.0,Missouri
1244,MO,total,2011,6010065.0,Missouri
1245,MO,under18,2011,1414444.0,Missouri
1246,MO,under18,2012,1405015.0,Missouri
1247,MO,total,2012,6024522.0,Missouri
1248,MT,total,2012,1005494.0,Montana
1249,MT,under18,2012,222905.0,Montana
1250,MT,under18,2011,222977.0,Montana
1251,MT,total,2011,997600.0,Montana
1252,MT,under18,2010,223292.0,Montana
1253,MT,total,2010,990527.0,Montana
1254,MT,total,2013,1015165.0,Montana
1255,MT,total,2009,983982.0,Montana
1256,MT,under18,2009,223675.0,Montana
1257,MT,under18,2013,223981.0,Montana
1258,MT,total,2007,964706.0,Montana
1259,MT,under18,2007,223135.0,Montana
1260,MT,total,2008,976415.0,Montana
1261,MT,under18,2008,223814.0,Montana
1262,MT,total,2005,940102.0,Montana
1263,MT,under18,2005,221685.0,Montana
1264,MT,total,2006,952692.0,Montana
1265,MT,under18,2006,221930.0,Montana
1266,MT,total,2003,919630.0,Montana
1267,MT,under18,2003,223012.0,Montana
1268,MT,total,2004,930009.0,Montana
1269,MT,under18,2004,221999.0,Montana
1270,MT,total,2002,911667.0,Montana
1271,MT,under18,2002,224772.0,Montana
1272,MT,total,2001,906961.0,Montana
1273,MT,under18,2001,227118.0,Montana
1274,MT,total,1999,897508.0,Montana
1275,MT,under18,1999,231133.0,Montana
1276,MT,total,2000,903773.0,Montana
1277,MT,under18,2000,230067.0,Montana
1278,MT,total,1997,889865.0,Montana
1279,MT,under18,1997,232813.0,Montana
1280,MT,under18,1998,231746.0,Montana
1281,MT,total,1998,892431.0,Montana
1282,MT,total,1995,876553.0,Montana
1283,MT,under18,1995,236583.0,Montana
1284,MT,under18,1996,235294.0,Montana
1285,MT,total,1996,886254.0,Montana
1286,MT,under18,1992,230868.0,Montana
1287,MT,total,1992,825770.0,Montana
1288,MT,total,1993,844761.0,Montana
1289,MT,under18,1993,234987.0,Montana
1290,MT,under18,1994,237289.0,Montana
1291,MT,total,1994,861306.0,Montana
1292,MT,total,1991,809680.0,Montana
1293,MT,under18,1991,225259.0,Montana
1294,MT,under18,1990,223677.0,Montana
1295,MT,total,1990,800204.0,Montana
1296,NE,under18,1990,430068.0,Nebraska
1297,NE,total,1990,1581660.0,Nebraska
1298,NE,total,1991,1595919.0,Nebraska
1299,NE,under18,1991,434525.0,Nebraska
1300,NE,under18,1994,442589.0,Nebraska
1301,NE,total,1994,1639041.0,Nebraska
1302,NE,total,1993,1625590.0,Nebraska
1303,NE,under18,1993,439313.0,Nebraska
1304,NE,under18,1992,436378.0,Nebraska
1305,NE,total,1992,1611687.0,Nebraska
1306,NE,under18,1996,446841.0,Nebraska
1307,NE,total,1996,1673740.0,Nebraska
1308,NE,total,1995,1656993.0,Nebraska
1309,NE,under18,1995,444418.0,Nebraska
1310,NE,under18,1998,451192.0,Nebraska
1311,NE,total,1998,1695817.0,Nebraska
1312,NE,total,1997,1686418.0,Nebraska
1313,NE,under18,1997,450076.0,Nebraska
1314,NE,total,1999,1704764.0,Nebraska
1315,NE,under18,1999,451047.0,Nebraska
1316,NE,total,2000,1713820.0,Nebraska
1317,NE,under18,2000,450380.0,Nebraska
1318,NE,total,2001,1719836.0,Nebraska
1319,NE,under18,2001,448307.0,Nebraska
1320,NE,total,2002,1728292.0,Nebraska
1321,NE,under18,2002,447714.0,Nebraska
1322,NE,total,2004,1749370.0,Nebraska
1323,NE,under18,2004,448360.0,Nebraska
1324,NE,total,2003,1738643.0,Nebraska
1325,NE,under18,2003,447444.0,Nebraska
1326,NE,total,2006,1772693.0,Nebraska
1327,NE,under18,2006,450098.0,Nebraska
1328,NE,total,2005,1761497.0,Nebraska
1329,NE,under18,2005,448918.0,Nebraska
1330,NE,total,2008,1796378.0,Nebraska
1331,NE,under18,2008,453787.0,Nebraska
1332,NE,total,2007,1783440.0,Nebraska
1333,NE,under18,2007,451946.0,Nebraska
1334,NE,under18,2013,464348.0,Nebraska
1335,NE,total,2009,1812683.0,Nebraska
1336,NE,under18,2009,456543.0,Nebraska
1337,NE,total,2013,1868516.0,Nebraska
1338,NE,total,2010,1829838.0,Nebraska
1339,NE,under18,2010,459621.0,Nebraska
1340,NE,total,2011,1841749.0,Nebraska
1341,NE,under18,2011,460872.0,Nebraska
1342,NE,under18,2012,462673.0,Nebraska
1343,NE,total,2012,1855350.0,Nebraska
1344,NV,total,2012,2754354.0,Nevada
1345,NV,under18,2012,659655.0,Nevada
1346,NV,under18,2011,659236.0,Nevada
1347,NV,total,2011,2717951.0,Nevada
1348,NV,under18,2010,663180.0,Nevada
1349,NV,total,2010,2703230.0,Nevada
1350,NV,total,2013,2790136.0,Nevada
1351,NV,total,2009,2684665.0,Nevada
1352,NV,under18,2009,666041.0,Nevada
1353,NV,under18,2013,661605.0,Nevada
1354,NV,total,2007,2601072.0,Nevada
1355,NV,under18,2007,654053.0,Nevada
1356,NV,total,2008,2653630.0,Nevada
1357,NV,under18,2008,662621.0,Nevada
1358,NV,total,2005,2432143.0,Nevada
1359,NV,under18,2005,611595.0,Nevada
1360,NV,total,2006,2522658.0,Nevada
1361,NV,under18,2006,634403.0,Nevada
1362,NV,total,2003,2248850.0,Nevada
1363,NV,under18,2003,568963.0,Nevada
1364,NV,total,2004,2346222.0,Nevada
1365,NV,under18,2004,591314.0,Nevada
1366,NV,total,2002,2173791.0,Nevada
1367,NV,under18,2002,552816.0,Nevada
1368,NV,total,2001,2098399.0,Nevada
1369,NV,under18,2001,534708.0,Nevada
1370,NV,total,1999,1934718.0,Nevada
1371,NV,under18,1999,493701.0,Nevada
1372,NV,total,2000,2018741.0,Nevada
1373,NV,under18,2000,516018.0,Nevada
1374,NV,total,1997,1764104.0,Nevada
1375,NV,under18,1997,443626.0,Nevada
1376,NV,under18,1998,469424.0,Nevada
1377,NV,total,1998,1853192.0,Nevada
1378,NV,total,1995,1581578.0,Nevada
1379,NV,under18,1995,396223.0,Nevada
1380,NV,under18,1996,419133.0,Nevada
1381,NV,total,1996,1666320.0,Nevada
1382,NV,under18,1992,337396.0,Nevada
1383,NV,total,1992,1351367.0,Nevada
1384,NV,total,1993,1411215.0,Nevada
1385,NV,under18,1993,354990.0,Nevada
1386,NV,under18,1994,376745.0,Nevada
1387,NV,total,1994,1499298.0,Nevada
1388,NV,total,1991,1296172.0,Nevada
1389,NV,under18,1991,325033.0,Nevada
1390,NV,under18,1990,316406.0,Nevada
1391,NV,total,1990,1220695.0,Nevada
1392,NH,under18,1990,277454.0,New Hampshire
1393,NH,total,1990,1112384.0,New Hampshire
1394,NH,total,1991,1109929.0,New Hampshire
1395,NH,under18,1991,281127.0,New Hampshire
1396,NH,under18,1994,295563.0,New Hampshire
1397,NH,total,1994,1142561.0,New Hampshire
1398,NH,total,1993,1129458.0,New Hampshire
1399,NH,under18,1993,290409.0,New Hampshire
1400,NH,under18,1992,286314.0,New Hampshire
1401,NH,total,1992,1117785.0,New Hampshire
1402,NH,under18,1996,300161.0,New Hampshire
1403,NH,total,1996,1174719.0,New Hampshire
1404,NH,total,1995,1157561.0,New Hampshire
1405,NH,under18,1995,298246.0,New Hampshire
1406,NH,under18,1998,307292.0,New Hampshire
1407,NH,total,1998,1205941.0,New Hampshire
1408,NH,total,1997,1189425.0,New Hampshire
1409,NH,under18,1997,302834.0,New Hampshire
1410,NH,total,2000,1239882.0,New Hampshire
1411,NH,under18,2000,310352.0,New Hampshire
1412,NH,total,1999,1222015.0,New Hampshire
1413,NH,under18,1999,308423.0,New Hampshire
1414,NH,total,2001,1255517.0,New Hampshire
1415,NH,under18,2001,311877.0,New Hampshire
1416,NH,total,2002,1269089.0,New Hampshire
1417,NH,under18,2002,312743.0,New Hampshire
1418,NH,total,2004,1290121.0,New Hampshire
1419,NH,under18,2004,309243.0,New Hampshire
1420,NH,total,2003,1279840.0,New Hampshire
1421,NH,under18,2003,311412.0,New Hampshire
1422,NH,total,2005,1298492.0,New Hampshire
1423,NH,under18,2005,307403.0,New Hampshire
1424,NH,total,2006,1308389.0,New Hampshire
1425,NH,under18,2006,305169.0,New Hampshire
1426,NH,total,2008,1315906.0,New Hampshire
1427,NH,under18,2008,296029.0,New Hampshire
1428,NH,total,2007,1312540.0,New Hampshire
1429,NH,under18,2007,300918.0,New Hampshire
1430,NH,under18,2013,271122.0,New Hampshire
1431,NH,total,2009,1316102.0,New Hampshire
1432,NH,under18,2009,290850.0,New Hampshire
1433,NH,total,2013,1323459.0,New Hampshire
1434,NH,total,2010,1316614.0,New Hampshire
1435,NH,under18,2010,285702.0,New Hampshire
1436,NH,total,2011,1318075.0,New Hampshire
1437,NH,under18,2011,280486.0,New Hampshire
1438,NH,under18,2012,275818.0,New Hampshire
1439,NH,total,2012,1321617.0,New Hampshire
1440,NJ,total,2012,8867749.0,New Jersey
1441,NJ,under18,2012,2035106.0,New Jersey
1442,NJ,under18,2011,2049453.0,New Jersey
1443,NJ,total,2011,8836639.0,New Jersey
1444,NJ,under18,2010,2062013.0,New Jersey
1445,NJ,total,2010,8802707.0,New Jersey
1446,NJ,total,2013,8899339.0,New Jersey
1447,NJ,total,2009,8755602.0,New Jersey
1448,NJ,under18,2009,2068684.0,New Jersey
1449,NJ,under18,2013,2022117.0,New Jersey
1450,NJ,total,2007,8677885.0,New Jersey
1451,NJ,under18,2007,2091023.0,New Jersey
1452,NJ,total,2008,8711090.0,New Jersey
1453,NJ,under18,2008,2076366.0,New Jersey
1454,NJ,total,2006,8661679.0,New Jersey
1455,NJ,under18,2006,2106403.0,New Jersey
1456,NJ,total,2005,8651974.0,New Jersey
1457,NJ,under18,2005,2121878.0,New Jersey
1458,NJ,total,2003,8601402.0,New Jersey
1459,NJ,under18,2003,2126014.0,New Jersey
1460,NJ,total,2004,8634561.0,New Jersey
1461,NJ,under18,2004,2129051.0,New Jersey
1462,NJ,total,2002,8552643.0,New Jersey
1463,NJ,under18,2002,2116591.0,New Jersey
1464,NJ,total,2001,8492671.0,New Jersey
1465,NJ,under18,2001,2102838.0,New Jersey
1466,NJ,total,1999,8359592.0,New Jersey
1467,NJ,under18,1999,2066678.0,New Jersey
1468,NJ,total,2000,8430621.0,New Jersey
1469,NJ,under18,2000,2088885.0,New Jersey
1470,NJ,total,1997,8218808.0,New Jersey
1471,NJ,under18,1997,2028349.0,New Jersey
1472,NJ,under18,1998,2042080.0,New Jersey
1473,NJ,total,1998,8287418.0,New Jersey
1474,NJ,total,1995,8083242.0,New Jersey
1475,NJ,under18,1995,1997187.0,New Jersey
1476,NJ,under18,1996,2016502.0,New Jersey
1477,NJ,total,1996,8149596.0,New Jersey
1478,NJ,under18,1992,1890108.0,New Jersey
1479,NJ,total,1992,7880508.0,New Jersey
1480,NJ,total,1993,7948915.0,New Jersey
1481,NJ,under18,1993,1928623.0,New Jersey
1482,NJ,under18,1994,1968232.0,New Jersey
1483,NJ,total,1994,8014306.0,New Jersey
1484,NJ,total,1991,7814676.0,New Jersey
1485,NJ,under18,1991,1849605.0,New Jersey
1486,NJ,under18,1990,1818187.0,New Jersey
1487,NJ,total,1990,7762963.0,New Jersey
1488,NM,total,1990,1521574.0,New Mexico
1489,NM,under18,1990,453538.0,New Mexico
1490,NM,under18,1991,461811.0,New Mexico
1491,NM,total,1991,1555305.0,New Mexico
1492,NM,under18,1994,497542.0,New Mexico
1493,NM,under18,1993,487742.0,New Mexico
1494,NM,total,1993,1636453.0,New Mexico
1495,NM,total,1992,1595442.0,New Mexico
1496,NM,under18,1992,473176.0,New Mexico
1497,NM,total,1994,1682398.0,New Mexico
1498,NM,under18,1996,508100.0,New Mexico
1499,NM,total,1995,1720394.0,New Mexico
1500,NM,under18,1995,504558.0,New Mexico
1501,NM,total,1996,1752326.0,New Mexico
1502,NM,under18,1998,512801.0,New Mexico
1503,NM,total,1998,1793484.0,New Mexico
1504,NM,total,1997,1774839.0,New Mexico
1505,NM,under18,1997,514500.0,New Mexico
1506,NM,under18,1999,511135.0,New Mexico
1507,NM,total,1999,1808082.0,New Mexico
1508,NM,total,2000,1821204.0,New Mexico
1509,NM,under18,2000,508132.0,New Mexico
1510,NM,total,2001,1831690.0,New Mexico
1511,NM,under18,2001,503404.0,New Mexico
1512,NM,total,2002,1855309.0,New Mexico
1513,NM,under18,2002,502779.0,New Mexico
1514,NM,total,2004,1903808.0,New Mexico
1515,NM,under18,2004,501184.0,New Mexico
1516,NM,total,2003,1877574.0,New Mexico
1517,NM,under18,2003,500777.0,New Mexico
1518,NM,total,2005,1932274.0,New Mexico
1519,NM,under18,2005,502612.0,New Mexico
1520,NM,total,2006,1962137.0,New Mexico
1521,NM,under18,2006,505125.0,New Mexico
1522,NM,total,2008,2010662.0,New Mexico
1523,NM,under18,2008,511214.0,New Mexico
1524,NM,total,2007,1990070.0,New Mexico
1525,NM,under18,2007,508725.0,New Mexico
1526,NM,under18,2013,507540.0,New Mexico
1527,NM,total,2013,2085287.0,New Mexico
1528,NM,total,2009,2036802.0,New Mexico
1529,NM,under18,2009,515470.0,New Mexico
1530,NM,total,2010,2064982.0,New Mexico
1531,NM,under18,2010,518763.0,New Mexico
1532,NM,under18,2011,516513.0,New Mexico
1533,NM,total,2011,2077919.0,New Mexico
1534,NM,under18,2012,512314.0,New Mexico
1535,NM,total,2012,2083540.0,New Mexico
1536,NY,total,2012,19576125.0,New York
1537,NY,under18,2012,4264694.0,New York
1538,NY,total,2011,19502728.0,New York
1539,NY,under18,2011,4294555.0,New York
1540,NY,under18,2010,4318033.0,New York
1541,NY,total,2010,19398228.0,New York
1542,NY,total,2009,19307066.0,New York
1543,NY,under18,2009,4342926.0,New York
1544,NY,total,2013,19651127.0,New York
1545,NY,under18,2013,4239976.0,New York
1546,NY,total,2007,19132335.0,New York
1547,NY,under18,2007,4410949.0,New York
1548,NY,total,2008,19212436.0,New York
1549,NY,under18,2008,4372170.0,New York
1550,NY,total,2006,19104631.0,New York
1551,NY,under18,2006,4457777.0,New York
1552,NY,total,2005,19132610.0,New York
1553,NY,under18,2005,4514456.0,New York
1554,NY,total,2003,19175939.0,New York
1555,NY,under18,2003,4619506.0,New York
1556,NY,total,2004,19171567.0,New York
1557,NY,under18,2004,4574065.0,New York
1558,NY,total,2002,19137800.0,New York
1559,NY,under18,2002,4652232.0,New York
1560,NY,total,2001,19082838.0,New York
1561,NY,under18,2001,4672425.0,New York
1562,NY,under18,1999,4672587.0,New York
1563,NY,total,1999,18882725.0,New York
1564,NY,total,2000,19001780.0,New York
1565,NY,under18,2000,4687374.0,New York
1566,NY,under18,1997,4670787.0,New York
1567,NY,total,1997,18656546.0,New York
1568,NY,total,1998,18755906.0,New York
1569,NY,under18,1998,4652140.0,New York
1570,NY,total,1996,18588460.0,New York
1571,NY,under18,1995,4648419.0,New York
1572,NY,total,1995,18524104.0,New York
1573,NY,under18,1996,4667647.0,New York
1574,NY,total,1994,18459470.0,New York
1575,NY,under18,1992,4465539.0,New York
1576,NY,total,1992,18246653.0,New York
1577,NY,total,1993,18374954.0,New York
1578,NY,under18,1993,4538171.0,New York
1579,NY,under18,1994,4605284.0,New York
1580,NY,total,1991,18122510.0,New York
1581,NY,under18,1991,4372727.0,New York
1582,NY,under18,1990,4281643.0,New York
1583,NY,total,1990,18020784.0,New York
1584,NC,under18,1990,1625804.0,North Carolina
1585,NC,total,1990,6664016.0,North Carolina
1586,NC,total,1991,6784280.0,North Carolina
1587,NC,under18,1991,1640394.0,North Carolina
1588,NC,total,1993,7042818.0,North Carolina
1589,NC,under18,1993,1710267.0,North Carolina
1590,NC,under18,1992,1674144.0,North Carolina
1591,NC,total,1992,6897214.0,North Carolina
1592,NC,under18,1994,1750754.0,North Carolina
1593,NC,total,1994,7187398.0,North Carolina
1594,NC,total,1995,7344674.0,North Carolina
1595,NC,under18,1995,1785150.0,North Carolina
1596,NC,under18,1996,1821506.0,North Carolina
1597,NC,total,1996,7500670.0,North Carolina
1598,NC,under18,1998,1894753.0,North Carolina
1599,NC,total,1998,7809122.0,North Carolina
1600,NC,total,1997,7656825.0,North Carolina
1601,NC,under18,1997,1861621.0,North Carolina
1602,NC,total,2000,8081614.0,North Carolina
1603,NC,under18,2000,1967626.0,North Carolina
1604,NC,total,1999,7949362.0,North Carolina
1605,NC,under18,1999,1932141.0,North Carolina
1606,NC,total,2001,8210122.0,North Carolina
1607,NC,under18,2001,2003782.0,North Carolina
1608,NC,total,2002,8326201.0,North Carolina
1609,NC,under18,2002,2034451.0,North Carolina
1610,NC,total,2004,8553152.0,North Carolina
1611,NC,under18,2004,2085165.0,North Carolina
1612,NC,total,2003,8422501.0,North Carolina
1613,NC,under18,2003,2060838.0,North Carolina
1614,NC,total,2005,8705407.0,North Carolina
1615,NC,under18,2005,2122485.0,North Carolina
1616,NC,total,2006,8917270.0,North Carolina
1617,NC,under18,2006,2166393.0,North Carolina
1618,NC,total,2008,9309449.0,North Carolina
1619,NC,under18,2008,2252101.0,North Carolina
1620,NC,total,2007,9118037.0,North Carolina
1621,NC,under18,2007,2219168.0,North Carolina
1622,NC,under18,2013,2285605.0,North Carolina
1623,NC,total,2013,9848060.0,North Carolina
1624,NC,total,2009,9449566.0,North Carolina
1625,NC,under18,2009,2272955.0,North Carolina
1626,NC,total,2010,9559533.0,North Carolina
1627,NC,under18,2010,2282288.0,North Carolina
1628,NC,under18,2011,2284238.0,North Carolina
1629,NC,total,2011,9651377.0,North Carolina
1630,NC,under18,2012,2284122.0,North Carolina
1631,NC,total,2012,9748364.0,North Carolina
1632,ND,total,2012,701345.0,North Dakota
1633,ND,under18,2012,156765.0,North Dakota
1634,ND,total,2011,684867.0,North Dakota
1635,ND,under18,2011,152357.0,North Dakota
1636,ND,under18,2010,150179.0,North Dakota
1637,ND,total,2010,674344.0,North Dakota
1638,ND,total,2009,664968.0,North Dakota
1639,ND,under18,2009,148674.0,North Dakota
1640,ND,total,2013,723393.0,North Dakota
1641,ND,under18,2013,162688.0,North Dakota
1642,ND,total,2007,652822.0,North Dakota
1643,ND,under18,2007,147263.0,North Dakota
1644,ND,total,2008,657569.0,North Dakota
1645,ND,under18,2008,147462.0,North Dakota
1646,ND,total,2006,649422.0,North Dakota
1647,ND,under18,2006,147331.0,North Dakota
1648,ND,total,2005,646089.0,North Dakota
1649,ND,under18,2005,148119.0,North Dakota
1650,ND,total,2003,638817.0,North Dakota
1651,ND,under18,2003,150406.0,North Dakota
1652,ND,total,2004,644705.0,North Dakota
1653,ND,under18,2004,149128.0,North Dakota
1654,ND,total,2002,638168.0,North Dakota
1655,ND,under18,2002,153097.0,North Dakota
1656,ND,total,2001,639062.0,North Dakota
1657,ND,under18,2001,156113.0,North Dakota
1658,ND,total,1999,644259.0,North Dakota
1659,ND,under18,1999,163056.0,North Dakota
1660,ND,total,2000,642023.0,North Dakota
1661,ND,under18,2000,160477.0,North Dakota
1662,ND,total,1997,649716.0,North Dakota
1663,ND,under18,1997,167475.0,North Dakota
1664,ND,under18,1998,165448.0,North Dakota
1665,ND,total,1998,647532.0,North Dakota
1666,ND,under18,1996,169257.0,North Dakota
1667,ND,total,1996,650382.0,North Dakota
1668,ND,total,1995,647832.0,North Dakota
1669,ND,under18,1995,171146.0,North Dakota
1670,ND,under18,1994,172160.0,North Dakota
1671,ND,total,1994,644806.0,North Dakota
1672,ND,under18,1992,172052.0,North Dakota
1673,ND,total,1992,638223.0,North Dakota
1674,ND,total,1993,641216.0,North Dakota
1675,ND,under18,1993,172168.0,North Dakota
1676,ND,total,1991,635753.0,North Dakota
1677,ND,under18,1991,171730.0,North Dakota
1678,ND,under18,1990,170920.0,North Dakota
1679,ND,total,1990,637685.0,North Dakota
1680,OH,under18,1990,2778491.0,Ohio
1681,OH,total,1990,10864162.0,Ohio
1682,OH,total,1991,10945762.0,Ohio
1683,OH,under18,1991,2806959.0,Ohio
1684,OH,total,1993,11101140.0,Ohio
1685,OH,under18,1993,2855785.0,Ohio
1686,OH,under18,1992,2839356.0,Ohio
1687,OH,total,1992,11029431.0,Ohio
1688,OH,under18,1994,2875397.0,Ohio
1689,OH,total,1994,11152455.0,Ohio
1690,OH,total,1995,11202751.0,Ohio
1691,OH,under18,1995,2879930.0,Ohio
1692,OH,under18,1996,2883443.0,Ohio
1693,OH,total,1996,11242827.0,Ohio
1694,OH,under18,1998,2896255.0,Ohio
1695,OH,total,1998,11311536.0,Ohio
1696,OH,total,1997,11277357.0,Ohio
1697,OH,under18,1997,2897375.0,Ohio
1698,OH,total,2000,11363543.0,Ohio
1699,OH,under18,2000,2886585.0,Ohio
1700,OH,total,1999,11335454.0,Ohio
1701,OH,under18,1999,2893270.0,Ohio
1702,OH,total,2001,11387404.0,Ohio
1703,OH,under18,2001,2878123.0,Ohio
1704,OH,total,2002,11407889.0,Ohio
1705,OH,under18,2002,2865674.0,Ohio
1706,OH,total,2004,11452251.0,Ohio
1707,OH,under18,2004,2836068.0,Ohio
1708,OH,total,2003,11434788.0,Ohio
1709,OH,under18,2003,2849573.0,Ohio
1710,OH,total,2005,11463320.0,Ohio
1711,OH,under18,2005,2819794.0,Ohio
1712,OH,total,2006,11481213.0,Ohio
1713,OH,under18,2006,2804828.0,Ohio
1714,OH,total,2008,11515391.0,Ohio
1715,OH,under18,2008,2768968.0,Ohio
1716,OH,total,2007,11500468.0,Ohio
1717,OH,under18,2007,2790347.0,Ohio
1718,OH,under18,2013,2649830.0,Ohio
1719,OH,total,2013,11570808.0,Ohio
1720,OH,total,2009,11528896.0,Ohio
1721,OH,under18,2009,2748051.0,Ohio
1722,OH,total,2010,11545435.0,Ohio
1723,OH,under18,2010,2722589.0,Ohio
1724,OH,under18,2011,2693469.0,Ohio
1725,OH,total,2011,11549772.0,Ohio
1726,OH,under18,2012,2668125.0,Ohio
1727,OH,total,2012,11553031.0,Ohio
1728,OK,total,2012,3815780.0,Oklahoma
1729,OK,under18,2012,939911.0,Oklahoma
1730,OK,total,2011,3785534.0,Oklahoma
1731,OK,under18,2011,935714.0,Oklahoma
1732,OK,under18,2010,931483.0,Oklahoma
1733,OK,total,2010,3759263.0,Oklahoma
1734,OK,total,2009,3717572.0,Oklahoma
1735,OK,under18,2009,922711.0,Oklahoma
1736,OK,total,2013,3850568.0,Oklahoma
1737,OK,under18,2013,947027.0,Oklahoma
1738,OK,total,2007,3634349.0,Oklahoma
1739,OK,under18,2007,904328.0,Oklahoma
1740,OK,total,2008,3668976.0,Oklahoma
1741,OK,under18,2008,910617.0,Oklahoma
1742,OK,total,2006,3594090.0,Oklahoma
1743,OK,under18,2006,894761.0,Oklahoma
1744,OK,total,2005,3548597.0,Oklahoma
1745,OK,under18,2005,885316.0,Oklahoma
1746,OK,total,2003,3504892.0,Oklahoma
1747,OK,under18,2003,883959.0,Oklahoma
1748,OK,total,2004,3525233.0,Oklahoma
1749,OK,under18,2004,881606.0,Oklahoma
1750,OK,total,2002,3489080.0,Oklahoma
1751,OK,under18,2002,884961.0,Oklahoma
1752,OK,total,2001,3467100.0,Oklahoma
1753,OK,under18,2001,885218.0,Oklahoma
1754,OK,total,1999,3437148.0,Oklahoma
1755,OK,under18,1999,895678.0,Oklahoma
1756,OK,total,2000,3454365.0,Oklahoma
1757,OK,under18,2000,891847.0,Oklahoma
1758,OK,total,1997,3372918.0,Oklahoma
1759,OK,under18,1997,893835.0,Oklahoma
1760,OK,under18,1998,898501.0,Oklahoma
1761,OK,total,1998,3405194.0,Oklahoma
1762,OK,under18,1996,887093.0,Oklahoma
1763,OK,total,1996,3340129.0,Oklahoma
1764,OK,total,1995,3308208.0,Oklahoma
1765,OK,under18,1995,883667.0,Oklahoma
1766,OK,under18,1994,877803.0,Oklahoma
1767,OK,total,1994,3280940.0,Oklahoma
1768,OK,under18,1992,862548.0,Oklahoma
1769,OK,total,1992,3220517.0,Oklahoma
1770,OK,total,1993,3252285.0,Oklahoma
1771,OK,under18,1993,870137.0,Oklahoma
1772,OK,total,1991,3175440.0,Oklahoma
1773,OK,under18,1991,849639.0,Oklahoma
1774,OK,under18,1990,841715.0,Oklahoma
1775,OK,total,1990,3148825.0,Oklahoma
1776,OR,under18,1990,742436.0,Oregon
1777,OR,total,1990,2860375.0,Oregon
1778,OR,total,1991,2928507.0,Oregon
1779,OR,under18,1991,752442.0,Oregon
1780,OR,total,1993,3060367.0,Oregon
1781,OR,under18,1993,778973.0,Oregon
1782,OR,under18,1992,770191.0,Oregon
1783,OR,total,1992,2991755.0,Oregon
1784,OR,under18,1994,793435.0,Oregon
1785,OR,total,1994,3121264.0,Oregon
1786,OR,total,1995,3184369.0,Oregon
1787,OR,under18,1995,806512.0,Oregon
1788,OR,under18,1996,816102.0,Oregon
1789,OR,total,1996,3247111.0,Oregon
1790,OR,under18,1998,837928.0,Oregon
1791,OR,total,1998,3352449.0,Oregon
1792,OR,total,1997,3304310.0,Oregon
1793,OR,under18,1997,830002.0,Oregon
1794,OR,total,2000,3429708.0,Oregon
1795,OR,under18,2000,847511.0,Oregon
1796,OR,total,1999,3393941.0,Oregon
1797,OR,under18,1999,843484.0,Oregon
1798,OR,total,2001,3467937.0,Oregon
1799,OR,under18,2001,848663.0,Oregon
1800,OR,total,2002,3513424.0,Oregon
1801,OR,under18,2002,850733.0,Oregon
1802,OR,total,2004,3569463.0,Oregon
1803,OR,under18,2004,846786.0,Oregon
1804,OR,total,2003,3547376.0,Oregon
1805,OR,under18,2003,850251.0,Oregon
1806,OR,total,2005,3613202.0,Oregon
1807,OR,under18,2005,849323.0,Oregon
1808,OR,total,2006,3670883.0,Oregon
1809,OR,under18,2006,857003.0,Oregon
1810,OR,total,2008,3768748.0,Oregon
1811,OR,under18,2008,865664.0,Oregon
1812,OR,total,2007,3722417.0,Oregon
1813,OR,under18,2007,862161.0,Oregon
1814,OR,under18,2013,857606.0,Oregon
1815,OR,total,2013,3930065.0,Oregon
1816,OR,total,2009,3808600.0,Oregon
1817,OR,under18,2009,866194.0,Oregon
1818,OR,total,2010,3837208.0,Oregon
1819,OR,under18,2010,865129.0,Oregon
1820,OR,under18,2011,862518.0,Oregon
1821,OR,total,2011,3867937.0,Oregon
1822,OR,under18,2012,859910.0,Oregon
1823,OR,total,2012,3899801.0,Oregon
1824,PA,total,2012,12764475.0,Pennsylvania
1825,PA,under18,2012,2737905.0,Pennsylvania
1826,PA,total,2011,12741310.0,Pennsylvania
1827,PA,under18,2011,2761343.0,Pennsylvania
1828,PA,under18,2010,2785316.0,Pennsylvania
1829,PA,total,2010,12710472.0,Pennsylvania
1830,PA,total,2009,12666858.0,Pennsylvania
1831,PA,under18,2009,2804929.0,Pennsylvania
1832,PA,total,2013,12773801.0,Pennsylvania
1833,PA,under18,2013,2715645.0,Pennsylvania
1834,PA,total,2007,12563937.0,Pennsylvania
1835,PA,under18,2007,2839574.0,Pennsylvania
1836,PA,total,2008,12612285.0,Pennsylvania
1837,PA,under18,2008,2821004.0,Pennsylvania
1838,PA,total,2006,12510809.0,Pennsylvania
1839,PA,under18,2006,2850778.0,Pennsylvania
1840,PA,total,2005,12449990.0,Pennsylvania
1841,PA,under18,2005,2859793.0,Pennsylvania
1842,PA,total,2003,12374658.0,Pennsylvania
1843,PA,under18,2003,2883270.0,Pennsylvania
1844,PA,total,2004,12410722.0,Pennsylvania
1845,PA,under18,2004,2873125.0,Pennsylvania
1846,PA,total,2002,12331031.0,Pennsylvania
1847,PA,under18,2002,2894935.0,Pennsylvania
1848,PA,total,2001,12298970.0,Pennsylvania
1849,PA,under18,2001,2905836.0,Pennsylvania
1850,PA,total,1999,12263805.0,Pennsylvania
1851,PA,under18,1999,2930193.0,Pennsylvania
1852,PA,total,2000,12284173.0,Pennsylvania
1853,PA,under18,2000,2918850.0,Pennsylvania
1854,PA,total,1997,12227814.0,Pennsylvania
1855,PA,under18,1997,2942240.0,Pennsylvania
1856,PA,under18,1998,2940285.0,Pennsylvania
1857,PA,total,1998,12245672.0,Pennsylvania
1858,PA,under18,1996,2937411.0,Pennsylvania
1859,PA,total,1996,12220464.0,Pennsylvania
1860,PA,total,1995,12198403.0,Pennsylvania
1861,PA,under18,1995,2941531.0,Pennsylvania
1862,PA,under18,1994,2932851.0,Pennsylvania
1863,PA,total,1994,12166050.0,Pennsylvania
1864,PA,under18,1992,2873013.0,Pennsylvania
1865,PA,total,1992,12049450.0,Pennsylvania
1866,PA,total,1993,12119724.0,Pennsylvania
1867,PA,under18,1993,2907351.0,Pennsylvania
1868,PA,total,1991,11982164.0,Pennsylvania
1869,PA,under18,1991,2830059.0,Pennsylvania
1870,PA,under18,1990,2799168.0,Pennsylvania
1871,PA,total,1990,11903299.0,Pennsylvania
1872,RI,under18,1990,225923.0,Rhode Island
1873,RI,total,1990,1005995.0,Rhode Island
1874,RI,total,1991,1010649.0,Rhode Island
1875,RI,under18,1991,229448.0,Rhode Island
1876,RI,total,1993,1015113.0,Rhode Island
1877,RI,under18,1993,237218.0,Rhode Island
1878,RI,under18,1992,232630.0,Rhode Island
1879,RI,total,1992,1012581.0,Rhode Island
1880,RI,under18,1994,239100.0,Rhode Island
1881,RI,total,1994,1015960.0,Rhode Island
1882,RI,total,1995,1017002.0,Rhode Island
1883,RI,under18,1995,240553.0,Rhode Island
1884,RI,under18,1996,240569.0,Rhode Island
1885,RI,total,1996,1020893.0,Rhode Island
1886,RI,under18,1998,241760.0,Rhode Island
1887,RI,total,1998,1031155.0,Rhode Island
1888,RI,total,1997,1025353.0,Rhode Island
1889,RI,under18,1997,242079.0,Rhode Island
1890,RI,total,2000,1050268.0,Rhode Island
1891,RI,under18,2000,248065.0,Rhode Island
1892,RI,total,1999,1040402.0,Rhode Island
1893,RI,under18,1999,247014.0,Rhode Island
1894,RI,total,2001,1057142.0,Rhode Island
1895,RI,under18,2001,248296.0,Rhode Island
1896,RI,total,2002,1065995.0,Rhode Island
1897,RI,under18,2002,248690.0,Rhode Island
1898,RI,total,2004,1074579.0,Rhode Island
1899,RI,under18,2004,246228.0,Rhode Island
1900,RI,total,2003,1071342.0,Rhode Island
1901,RI,under18,2003,248075.0,Rhode Island
1902,RI,total,2005,1067916.0,Rhode Island
1903,RI,under18,2005,241932.0,Rhode Island
1904,RI,total,2006,1063096.0,Rhode Island
1905,RI,under18,2006,237348.0,Rhode Island
1906,RI,total,2008,1055003.0,Rhode Island
1907,RI,under18,2008,229798.0,Rhode Island
1908,RI,total,2007,1057315.0,Rhode Island
1909,RI,under18,2007,233655.0,Rhode Island
1910,RI,under18,2013,213987.0,Rhode Island
1911,RI,total,2013,1051511.0,Rhode Island
1912,RI,total,2009,1053646.0,Rhode Island
1913,RI,under18,2009,225902.0,Rhode Island
1914,RI,total,2010,1052669.0,Rhode Island
1915,RI,under18,2010,223088.0,Rhode Island
1916,RI,under18,2011,219783.0,Rhode Island
1917,RI,total,2011,1050350.0,Rhode Island
1918,RI,under18,2012,216591.0,Rhode Island
1919,RI,total,2012,1050304.0,Rhode Island
1920,SC,total,2012,4723417.0,South Carolina
1921,SC,under18,2012,1077455.0,South Carolina
1922,SC,total,2011,4673509.0,South Carolina
1923,SC,under18,2011,1076524.0,South Carolina
1924,SC,under18,2010,1079978.0,South Carolina
1925,SC,total,2010,4636361.0,South Carolina
1926,SC,total,2009,4589872.0,South Carolina
1927,SC,under18,2009,1079729.0,South Carolina
1928,SC,total,2013,4774839.0,South Carolina
1929,SC,under18,2013,1079798.0,South Carolina
1930,SC,total,2007,4444110.0,South Carolina
1931,SC,under18,2007,1064190.0,South Carolina
1932,SC,total,2008,4528996.0,South Carolina
1933,SC,under18,2008,1074116.0,South Carolina
1934,SC,total,2006,4357847.0,South Carolina
1935,SC,under18,2006,1050042.0,South Carolina
1936,SC,total,2005,4270150.0,South Carolina
1937,SC,under18,2005,1036941.0,South Carolina
1938,SC,total,2003,4150297.0,South Carolina
1939,SC,under18,2003,1023785.0,South Carolina
1940,SC,total,2004,4210921.0,South Carolina
1941,SC,under18,2004,1029111.0,South Carolina
1942,SC,total,2002,4107795.0,South Carolina
1943,SC,under18,2002,1020531.0,South Carolina
1944,SC,total,2001,4064995.0,South Carolina
1945,SC,under18,2001,1016134.0,South Carolina
1946,SC,total,1999,3974682.0,South Carolina
1947,SC,under18,1999,1007050.0,South Carolina
1948,SC,total,2000,4024223.0,South Carolina
1949,SC,under18,2000,1010641.0,South Carolina
1950,SC,total,1997,3859696.0,South Carolina
1951,SC,under18,1997,1001681.0,South Carolina
1952,SC,under18,1998,1006371.0,South Carolina
1953,SC,total,1998,3919235.0,South Carolina
1954,SC,under18,1996,987576.0,South Carolina
1955,SC,total,1996,3796200.0,South Carolina
1956,SC,total,1995,3748582.0,South Carolina
1957,SC,under18,1995,975884.0,South Carolina
1958,SC,under18,1994,969766.0,South Carolina
1959,SC,total,1994,3705397.0,South Carolina
1960,SC,under18,1992,947868.0,South Carolina
1961,SC,total,1992,3620464.0,South Carolina
1962,SC,total,1993,3663314.0,South Carolina
1963,SC,under18,1993,956951.0,South Carolina
1964,SC,total,1991,3570404.0,South Carolina
1965,SC,under18,1991,936122.0,South Carolina
1966,SC,under18,1990,921041.0,South Carolina
1967,SC,total,1990,3501155.0,South Carolina
1968,SD,under18,1990,199453.0,South Dakota
1969,SD,total,1990,697101.0,South Dakota
1970,SD,total,1991,703669.0,South Dakota
1971,SD,under18,1991,201749.0,South Dakota
1972,SD,total,1993,722160.0,South Dakota
1973,SD,under18,1993,207975.0,South Dakota
1974,SD,under18,1992,206632.0,South Dakota
1975,SD,total,1992,712801.0,South Dakota
1976,SD,under18,1994,208443.0,South Dakota
1977,SD,total,1994,730790.0,South Dakota
1978,SD,total,1995,737926.0,South Dakota
1979,SD,under18,1995,207890.0,South Dakota
1980,SD,under18,1996,205780.0,South Dakota
1981,SD,total,1996,742214.0,South Dakota
1982,SD,under18,1998,204786.0,South Dakota
1983,SD,total,1998,746059.0,South Dakota
1984,SD,total,1997,744223.0,South Dakota
1985,SD,under18,1997,205978.0,South Dakota
1986,SD,total,2000,755844.0,South Dakota
1987,SD,under18,2000,202681.0,South Dakota
1988,SD,total,1999,750413.0,South Dakota
1989,SD,under18,1999,203737.0,South Dakota
1990,SD,total,2001,757972.0,South Dakota
1991,SD,under18,2001,200795.0,South Dakota
1992,SD,total,2002,760020.0,South Dakota
1993,SD,under18,2002,198694.0,South Dakota
1994,SD,total,2004,770396.0,South Dakota
1995,SD,under18,2004,196804.0,South Dakota
1996,SD,total,2003,763729.0,South Dakota
1997,SD,under18,2003,197326.0,South Dakota
1998,SD,total,2005,775493.0,South Dakota
1999,SD,under18,2005,196476.0,South Dakota
2000,SD,total,2006,783033.0,South Dakota
2001,SD,under18,2006,197332.0,South Dakota
2002,SD,total,2008,799124.0,South Dakota
2003,SD,under18,2008,199848.0,South Dakota
2004,SD,total,2007,791623.0,South Dakota
2005,SD,under18,2007,198847.0,South Dakota
2006,SD,under18,2013,207959.0,South Dakota
2007,SD,total,2013,844877.0,South Dakota
2008,SD,total,2009,807067.0,South Dakota
2009,SD,under18,2009,201204.0,South Dakota
2010,SD,total,2010,816211.0,South Dakota
2011,SD,under18,2010,203145.0,South Dakota
2012,SD,under18,2011,203948.0,South Dakota
2013,SD,total,2011,823772.0,South Dakota
2014,SD,under18,2012,205298.0,South Dakota
2015,SD,total,2012,834047.0,South Dakota
2016,TN,total,2012,6454914.0,Tennessee
2017,TN,under18,2012,1492689.0,Tennessee
2018,TN,total,2011,6398361.0,Tennessee
2019,TN,under18,2011,1491837.0,Tennessee
2020,TN,under18,2010,1495090.0,Tennessee
2021,TN,total,2010,6356683.0,Tennessee
2022,TN,total,2009,6306019.0,Tennessee
2023,TN,under18,2009,1494687.0,Tennessee
2024,TN,total,2013,6495978.0,Tennessee
2025,TN,under18,2013,1491577.0,Tennessee
2026,TN,total,2007,6175727.0,Tennessee
2027,TN,under18,2007,1482747.0,Tennessee
2028,TN,total,2008,6247411.0,Tennessee
2029,TN,under18,2008,1494354.0,Tennessee
2030,TN,total,2006,6088766.0,Tennessee
2031,TN,under18,2006,1470166.0,Tennessee
2032,TN,total,2005,5991057.0,Tennessee
2033,TN,under18,2005,1449326.0,Tennessee
2034,TN,total,2003,5847812.0,Tennessee
2035,TN,under18,2003,1424861.0,Tennessee
2036,TN,total,2004,5910809.0,Tennessee
2037,TN,under18,2004,1433343.0,Tennessee
2038,TN,total,2002,5795918.0,Tennessee
2039,TN,under18,2002,1414857.0,Tennessee
2040,TN,total,2001,5750789.0,Tennessee
2041,TN,under18,2001,1407578.0,Tennessee
2042,TN,total,1999,5638706.0,Tennessee
2043,TN,under18,1999,1385997.0,Tennessee
2044,TN,total,2000,5703719.0,Tennessee
2045,TN,under18,2000,1399685.0,Tennessee
2046,TN,total,1997,5499233.0,Tennessee
2047,TN,under18,1997,1359030.0,Tennessee
2048,TN,under18,1998,1369987.0,Tennessee
2049,TN,total,1998,5570045.0,Tennessee
2050,TN,under18,1996,1345723.0,Tennessee
2051,TN,total,1996,5416643.0,Tennessee
2052,TN,total,1995,5326936.0,Tennessee
2053,TN,under18,1995,1331616.0,Tennessee
2054,TN,under18,1994,1310988.0,Tennessee
2055,TN,total,1994,5231438.0,Tennessee
2056,TN,under18,1992,1259458.0,Tennessee
2057,TN,total,1992,5049742.0,Tennessee
2058,TN,total,1993,5137584.0,Tennessee
2059,TN,under18,1993,1285044.0,Tennessee
2060,TN,total,1991,4966587.0,Tennessee
2061,TN,under18,1991,1233260.0,Tennessee
2062,TN,under18,1990,1220200.0,Tennessee
2063,TN,total,1990,4894492.0,Tennessee
2064,TX,under18,1990,4906220.0,Texas
2065,TX,total,1990,17056755.0,Texas
2066,TX,total,1991,17398005.0,Texas
2067,TX,under18,1991,5000793.0,Texas
2068,TX,total,1993,18161612.0,Texas
2069,TX,under18,1993,5217899.0,Texas
2070,TX,under18,1992,5109805.0,Texas
2071,TX,total,1992,17759738.0,Texas
2072,TX,under18,1994,5331524.0,Texas
2073,TX,total,1994,18564062.0,Texas
2074,TX,total,1995,18958751.0,Texas
2075,TX,under18,1995,5421784.0,Texas
2076,TX,under18,1996,5551447.0,Texas
2077,TX,total,1996,19340342.0,Texas
2078,TX,under18,1998,5759054.0,Texas
2079,TX,total,1998,20157531.0,Texas
2080,TX,total,1997,19740317.0,Texas
2081,TX,under18,1997,5655482.0,Texas
2082,TX,total,2000,20944499.0,Texas
2083,TX,under18,2000,5906301.0,Texas
2084,TX,total,1999,20558220.0,Texas
2085,TX,under18,1999,5840211.0,Texas
2086,TX,total,2001,21319622.0,Texas
2087,TX,under18,2001,5980187.0,Texas
2088,TX,total,2002,21690325.0,Texas
2089,TX,under18,2002,6060372.0,Texas
2090,TX,total,2004,22394023.0,Texas
2091,TX,under18,2004,6208259.0,Texas
2092,TX,total,2003,22030931.0,Texas
2093,TX,under18,2003,6132980.0,Texas
2094,TX,total,2005,22778123.0,Texas
2095,TX,under18,2005,6290970.0,Texas
2096,TX,total,2006,23359580.0,Texas
2097,TX,under18,2006,6446798.0,Texas
2098,TX,total,2008,24309039.0,Texas
2099,TX,under18,2008,6675917.0,Texas
2100,TX,total,2007,23831983.0,Texas
2101,TX,under18,2007,6565872.0,Texas
2102,TX,under18,2013,7041986.0,Texas
2103,TX,total,2013,26448193.0,Texas
2104,TX,total,2009,24801761.0,Texas
2105,TX,under18,2009,6792907.0,Texas
2106,TX,total,2010,25245178.0,Texas
2107,TX,under18,2010,6879014.0,Texas
2108,TX,under18,2011,6931758.0,Texas
2109,TX,total,2011,25640909.0,Texas
2110,TX,under18,2012,6985807.0,Texas
2111,TX,total,2012,26060796.0,Texas
2112,UT,total,2012,2854871.0,Utah
2113,UT,under18,2012,888578.0,Utah
2114,UT,total,2011,2814784.0,Utah
2115,UT,under18,2011,881350.0,Utah
2116,UT,under18,2010,873019.0,Utah
2117,UT,total,2010,2774424.0,Utah
2118,UT,total,2009,2723421.0,Utah
2119,UT,under18,2009,857853.0,Utah
2120,UT,total,2013,2900872.0,Utah
2121,UT,under18,2013,896589.0,Utah
2122,UT,total,2007,2597746.0,Utah
2123,UT,under18,2007,815496.0,Utah
2124,UT,total,2008,2663029.0,Utah
2125,UT,under18,2008,837258.0,Utah
2126,UT,total,2006,2525507.0,Utah
2127,UT,under18,2006,789957.0,Utah
2128,UT,total,2005,2457719.0,Utah
2129,UT,under18,2005,767888.0,Utah
2130,UT,total,2003,2360137.0,Utah
2131,UT,under18,2003,740483.0,Utah
2132,UT,total,2004,2401580.0,Utah
2133,UT,under18,2004,751771.0,Utah
2134,UT,total,2002,2324815.0,Utah
2135,UT,under18,2002,733517.0,Utah
2136,UT,total,2001,2283715.0,Utah
2137,UT,under18,2001,726819.0,Utah
2138,UT,total,1999,2203482.0,Utah
2139,UT,under18,1999,715398.0,Utah
2140,UT,total,2000,2244502.0,Utah
2141,UT,under18,2000,721686.0,Utah
2142,UT,total,1997,2119784.0,Utah
2143,UT,under18,1997,699528.0,Utah
2144,UT,under18,1998,709386.0,Utah
2145,UT,total,1998,2165961.0,Utah
2146,UT,under18,1996,687078.0,Utah
2147,UT,total,1996,2067976.0,Utah
2148,UT,total,1995,2014179.0,Utah
2149,UT,under18,1995,679636.0,Utah
2150,UT,under18,1994,673935.0,Utah
2151,UT,total,1994,1960446.0,Utah
2152,UT,under18,1992,648725.0,Utah
2153,UT,total,1992,1836799.0,Utah
2154,UT,total,1993,1898404.0,Utah
2155,UT,under18,1993,662968.0,Utah
2156,UT,total,1991,1779780.0,Utah
2157,UT,under18,1991,637216.0,Utah
2158,UT,under18,1990,627122.0,Utah
2159,UT,total,1990,1731223.0,Utah
2160,VT,under18,1990,143296.0,Vermont
2161,VT,total,1990,564798.0,Vermont
2162,VT,total,1991,568606.0,Vermont
2163,VT,under18,1991,145219.0,Vermont
2164,VT,total,1993,577748.0,Vermont
2165,VT,under18,1993,148705.0,Vermont
2166,VT,under18,1992,146983.0,Vermont
2167,VT,total,1992,572751.0,Vermont
2168,VT,under18,1994,150794.0,Vermont
2169,VT,total,1994,583836.0,Vermont
2170,VT,total,1995,589003.0,Vermont
2171,VT,under18,1995,151439.0,Vermont
2172,VT,under18,1996,151490.0,Vermont
2173,VT,total,1996,593701.0,Vermont
2174,VT,under18,1998,148467.0,Vermont
2175,VT,total,1998,600416.0,Vermont
2176,VT,total,1997,597239.0,Vermont
2177,VT,under18,1997,150040.0,Vermont
2178,VT,total,2000,609618.0,Vermont
2179,VT,under18,2000,147549.0,Vermont
2180,VT,total,1999,604683.0,Vermont
2181,VT,under18,1999,147859.0,Vermont
2182,VT,total,2001,612223.0,Vermont
2183,VT,under18,2001,146040.0,Vermont
2184,VT,total,2002,615442.0,Vermont
2185,VT,under18,2002,144441.0,Vermont
2186,VT,total,2004,619920.0,Vermont
2187,VT,under18,2004,141068.0,Vermont
2188,VT,total,2003,617858.0,Vermont
2189,VT,under18,2003,142718.0,Vermont
2190,VT,total,2005,621215.0,Vermont
2191,VT,under18,2005,138933.0,Vermont
2192,VT,total,2006,622892.0,Vermont
2193,VT,under18,2006,136731.0,Vermont
2194,VT,total,2008,624151.0,Vermont
2195,VT,under18,2008,132600.0,Vermont
2196,VT,total,2007,623481.0,Vermont
2197,VT,under18,2007,134695.0,Vermont
2198,VT,under18,2013,122701.0,Vermont
2199,VT,total,2013,626630.0,Vermont
2200,VT,total,2009,624817.0,Vermont
2201,VT,under18,2009,130450.0,Vermont
2202,VT,total,2010,625793.0,Vermont
2203,VT,under18,2010,128601.0,Vermont
2204,VT,under18,2011,126500.0,Vermont
2205,VT,total,2011,626320.0,Vermont
2206,VT,under18,2012,124555.0,Vermont
2207,VT,total,2012,625953.0,Vermont
2208,VA,total,2012,8186628.0,Virginia
2209,VA,under18,2012,1861323.0,Virginia
2210,VA,total,2011,8105850.0,Virginia
2211,VA,under18,2011,1857585.0,Virginia
2212,VA,under18,2010,1855025.0,Virginia
2213,VA,total,2010,8024417.0,Virginia
2214,VA,total,2009,7925937.0,Virginia
2215,VA,under18,2009,1845132.0,Virginia
2216,VA,total,2013,8260405.0,Virginia
2217,VA,under18,2013,1864535.0,Virginia
2218,VA,total,2007,7751000.0,Virginia
2219,VA,under18,2007,1834386.0,Virginia
2220,VA,total,2008,7833496.0,Virginia
2221,VA,under18,2008,1838361.0,Virginia
2222,VA,total,2005,7577105.0,Virginia
2223,VA,under18,2005,1816270.0,Virginia
2224,VA,total,2006,7673725.0,Virginia
2225,VA,under18,2006,1826368.0,Virginia
2226,VA,total,2003,7366977.0,Virginia
2227,VA,under18,2003,1782254.0,Virginia
2228,VA,total,2004,7475575.0,Virginia
2229,VA,under18,2004,1801958.0,Virginia
2230,VA,total,2002,7286873.0,Virginia
2231,VA,under18,2002,1771247.0,Virginia
2232,VA,total,2001,7198362.0,Virginia
2233,VA,under18,2001,1754549.0,Virginia
2234,VA,total,1999,7000174.0,Virginia
2235,VA,under18,1999,1723125.0,Virginia
2236,VA,total,2000,7105817.0,Virginia
2237,VA,under18,2000,1741420.0,Virginia
2238,VA,total,1997,6829183.0,Virginia
2239,VA,under18,1997,1683766.0,Virginia
2240,VA,under18,1998,1706261.0,Virginia
2241,VA,total,1998,6900918.0,Virginia
2242,VA,under18,1996,1664147.0,Virginia
2243,VA,total,1996,6750884.0,Virginia
2244,VA,total,1995,6670693.0,Virginia
2245,VA,under18,1995,1649005.0,Virginia
2246,VA,under18,1994,1628711.0,Virginia
2247,VA,total,1994,6593139.0,Virginia
2248,VA,under18,1992,1581544.0,Virginia
2249,VA,total,1992,6414307.0,Virginia
2250,VA,total,1993,6509630.0,Virginia
2251,VA,under18,1993,1604758.0,Virginia
2252,VA,total,1991,6301217.0,Virginia
2253,VA,under18,1991,1548258.0,Virginia
2254,VA,under18,1990,1520670.0,Virginia
2255,VA,total,1990,6216884.0,Virginia
2256,WA,under18,1990,1301545.0,Washington
2257,WA,total,1990,4903043.0,Washington
2258,WA,total,1991,5025624.0,Washington
2259,WA,under18,1991,1326527.0,Washington
2260,WA,total,1993,5278842.0,Washington
2261,WA,under18,1993,1387716.0,Washington
2262,WA,under18,1992,1365480.0,Washington
2263,WA,total,1992,5160757.0,Washington
2264,WA,under18,1994,1409922.0,Washington
2265,WA,total,1994,5375161.0,Washington
2266,WA,total,1995,5481027.0,Washington
2267,WA,under18,1995,1429397.0,Washington
2268,WA,under18,1996,1449613.0,Washington
2269,WA,total,1996,5569753.0,Washington
2270,WA,under18,1998,1494784.0,Washington
2271,WA,total,1998,5769562.0,Washington
2272,WA,total,1997,5674747.0,Washington
2273,WA,under18,1997,1473646.0,Washington
2274,WA,total,2000,5910512.0,Washington
2275,WA,under18,2000,1516361.0,Washington
2276,WA,total,1999,5842564.0,Washington
2277,WA,under18,1999,1507824.0,Washington
2278,WA,total,2001,5985722.0,Washington
2279,WA,under18,2001,1517527.0,Washington
2280,WA,total,2002,6052349.0,Washington
2281,WA,under18,2002,1517655.0,Washington
2282,WA,total,2004,6178645.0,Washington
2283,WA,under18,2004,1520751.0,Washington
2284,WA,total,2003,6104115.0,Washington
2285,WA,under18,2003,1514877.0,Washington
2286,WA,total,2005,6257305.0,Washington
2287,WA,under18,2005,1523890.0,Washington
2288,WA,total,2006,6370753.0,Washington
2289,WA,under18,2006,1536926.0,Washington
2290,WA,total,2008,6562231.0,Washington
2291,WA,under18,2008,1560302.0,Washington
2292,WA,total,2007,6461587.0,Washington
2293,WA,under18,2007,1549582.0,Washington
2294,WA,under18,2013,1595795.0,Washington
2295,WA,total,2013,6971406.0,Washington
2296,WA,total,2009,6667426.0,Washington
2297,WA,under18,2009,1574403.0,Washington
2298,WA,total,2010,6742256.0,Washington
2299,WA,under18,2010,1581436.0,Washington
2300,WA,under18,2011,1584709.0,Washington
2301,WA,total,2011,6821481.0,Washington
2302,WA,under18,2012,1588451.0,Washington
2303,WA,total,2012,6895318.0,Washington
2304,WV,total,2012,1856680.0,West Virginia
2305,WV,under18,2012,384030.0,West Virginia
2306,WV,total,2011,1855184.0,West Virginia
2307,WV,under18,2011,385283.0,West Virginia
2308,WV,under18,2010,387224.0,West Virginia
2309,WV,total,2010,1854146.0,West Virginia
2310,WV,total,2009,1847775.0,West Virginia
2311,WV,under18,2009,389036.0,West Virginia
2312,WV,total,2013,1854304.0,West Virginia
2313,WV,under18,2013,381678.0,West Virginia
2314,WV,total,2007,1834052.0,West Virginia
2315,WV,under18,2007,390661.0,West Virginia
2316,WV,total,2008,1840310.0,West Virginia
2317,WV,under18,2008,390210.0,West Virginia
2318,WV,total,2006,1827912.0,West Virginia
2319,WV,under18,2006,390637.0,West Virginia
2320,WV,total,2005,1820492.0,West Virginia
2321,WV,under18,2005,390431.0,West Virginia
2322,WV,total,2003,1812295.0,West Virginia
2323,WV,under18,2003,392460.0,West Virginia
2324,WV,total,2004,1816438.0,West Virginia
2325,WV,under18,2004,391856.0,West Virginia
2326,WV,total,2002,1805414.0,West Virginia
2327,WV,under18,2002,393569.0,West Virginia
2328,WV,total,2001,1801481.0,West Virginia
2329,WV,under18,2001,395307.0,West Virginia
2330,WV,total,1999,1811799.0,West Virginia
2331,WV,under18,1999,406784.0,West Virginia
2332,WV,total,2000,1807021.0,West Virginia
2333,WV,under18,2000,401062.0,West Virginia
2334,WV,total,1997,1819113.0,West Virginia
2335,WV,under18,1997,418037.0,West Virginia
2336,WV,under18,1998,412793.0,West Virginia
2337,WV,total,1998,1815609.0,West Virginia
2338,WV,under18,1996,422831.0,West Virginia
2339,WV,total,1996,1822808.0,West Virginia
2340,WV,total,1995,1823700.0,West Virginia
2341,WV,under18,1995,428790.0,West Virginia
2342,WV,under18,1994,429128.0,West Virginia
2343,WV,total,1994,1820421.0,West Virginia
2344,WV,under18,1992,433116.0,West Virginia
2345,WV,total,1992,1806451.0,West Virginia
2346,WV,total,1993,1817539.0,West Virginia
2347,WV,under18,1993,432364.0,West Virginia
2348,WV,total,1991,1798735.0,West Virginia
2349,WV,under18,1991,433918.0,West Virginia
2350,WV,under18,1990,436797.0,West Virginia
2351,WV,total,1990,1792548.0,West Virginia
2352,WI,under18,1990,1302869.0,Wisconsin
2353,WI,total,1990,4904562.0,Wisconsin
2354,WI,total,1991,4964343.0,Wisconsin
2355,WI,under18,1991,1314855.0,Wisconsin
2356,WI,total,1993,5084889.0,Wisconsin
2357,WI,under18,1993,1337334.0,Wisconsin
2358,WI,under18,1992,1330555.0,Wisconsin
2359,WI,total,1992,5025398.0,Wisconsin
2360,WI,under18,1994,1348110.0,Wisconsin
2361,WI,total,1994,5133678.0,Wisconsin
2362,WI,total,1995,5184836.0,Wisconsin
2363,WI,under18,1995,1351343.0,Wisconsin
2364,WI,under18,1996,1352877.0,Wisconsin
2365,WI,total,1996,5229986.0,Wisconsin
2366,WI,under18,1998,1362907.0,Wisconsin
2367,WI,total,1998,5297673.0,Wisconsin
2368,WI,total,1997,5266213.0,Wisconsin
2369,WI,under18,1997,1359712.0,Wisconsin
2370,WI,total,1999,5332666.0,Wisconsin
2371,WI,under18,1999,1367019.0,Wisconsin
2372,WI,total,2000,5373999.0,Wisconsin
2373,WI,under18,2000,1370440.0,Wisconsin
2374,WI,total,2001,5406835.0,Wisconsin
2375,WI,under18,2001,1367593.0,Wisconsin
2376,WI,total,2002,5445162.0,Wisconsin
2377,WI,under18,2002,1365315.0,Wisconsin
2378,WI,total,2004,5514026.0,Wisconsin
2379,WI,under18,2004,1354643.0,Wisconsin
2380,WI,total,2003,5479203.0,Wisconsin
2381,WI,under18,2003,1358505.0,Wisconsin
2382,WI,total,2005,5546166.0,Wisconsin
2383,WI,under18,2005,1349866.0,Wisconsin
2384,WI,total,2006,5577655.0,Wisconsin
2385,WI,under18,2006,1348785.0,Wisconsin
2386,WI,total,2008,5640996.0,Wisconsin
2387,WI,under18,2008,1345573.0,Wisconsin
2388,WI,total,2007,5610775.0,Wisconsin
2389,WI,under18,2007,1348901.0,Wisconsin
2390,WI,under18,2013,1307776.0,Wisconsin
2391,WI,total,2013,5742713.0,Wisconsin
2392,WI,total,2009,5669264.0,Wisconsin
2393,WI,under18,2009,1342411.0,Wisconsin
2394,WI,total,2010,5689060.0,Wisconsin
2395,WI,under18,2010,1336094.0,Wisconsin
2396,WI,under18,2011,1325870.0,Wisconsin
2397,WI,total,2011,5708785.0,Wisconsin
2398,WI,under18,2012,1316113.0,Wisconsin
2399,WI,total,2012,5724554.0,Wisconsin
2400,WY,total,2012,576626.0,Wyoming
2401,WY,under18,2012,136526.0,Wyoming
2402,WY,total,2011,567329.0,Wyoming
2403,WY,under18,2011,135407.0,Wyoming
2404,WY,under18,2010,135351.0,Wyoming
2405,WY,total,2010,564222.0,Wyoming
2406,WY,total,2009,559851.0,Wyoming
2407,WY,under18,2009,134960.0,Wyoming
2408,WY,total,2013,582658.0,Wyoming
2409,WY,under18,2013,137679.0,Wyoming
2410,WY,total,2007,534876.0,Wyoming
2411,WY,under18,2007,128760.0,Wyoming
2412,WY,total,2008,546043.0,Wyoming
2413,WY,under18,2008,131511.0,Wyoming
2414,WY,total,2006,522667.0,Wyoming
2415,WY,under18,2006,125525.0,Wyoming
2416,WY,total,2005,514157.0,Wyoming
2417,WY,under18,2005,124022.0,Wyoming
2418,WY,total,2003,503453.0,Wyoming
2419,WY,under18,2003,124182.0,Wyoming
2420,WY,total,2004,509106.0,Wyoming
2421,WY,under18,2004,123974.0,Wyoming
2422,WY,total,2002,500017.0,Wyoming
2423,WY,under18,2002,125495.0,Wyoming
2424,WY,total,2001,494657.0,Wyoming
2425,WY,under18,2001,126212.0,Wyoming
2426,WY,total,2000,494300.0,Wyoming
2427,WY,under18,2000,128774.0,Wyoming
2428,WY,total,1999,491780.0,Wyoming
2429,WY,under18,1999,130793.0,Wyoming
2430,WY,total,1997,489452.0,Wyoming
2431,WY,under18,1997,134328.0,Wyoming
2432,WY,under18,1998,132602.0,Wyoming
2433,WY,total,1998,490787.0,Wyoming
2434,WY,under18,1996,135698.0,Wyoming
2435,WY,total,1996,488167.0,Wyoming
2436,WY,total,1995,485160.0,Wyoming
2437,WY,under18,1995,136785.0,Wyoming
2438,WY,under18,1994,137733.0,Wyoming
2439,WY,total,1994,480283.0,Wyoming
2440,WY,under18,1992,137308.0,Wyoming
2441,WY,total,1992,466251.0,Wyoming
2442,WY,total,1993,473081.0,Wyoming
2443,WY,under18,1993,137458.0,Wyoming
2444,WY,total,1991,459260.0,Wyoming
2445,WY,under18,1991,136720.0,Wyoming
2446,WY,under18,1990,136078.0,Wyoming
2447,WY,total,1990,453690.0,Wyoming
2448,PR,under18,1990,,Puerto Rico
2449,PR,total,1990,,Puerto Rico
2450,PR,total,1991,,Puerto Rico
2451,PR,under18,1991,,Puerto Rico
2452,PR,total,1993,,Puerto Rico
2453,PR,under18,1993,,Puerto Rico
2454,PR,under18,1992,,Puerto Rico
2455,PR,total,1992,,Puerto Rico
2456,PR,under18,1994,,Puerto Rico
2457,PR,total,1994,,Puerto Rico
2458,PR,total,1995,,Puerto Rico
2459,PR,under18,1995,,Puerto Rico
2460,PR,under18,1996,,Puerto Rico
2461,PR,total,1996,,Puerto Rico
2462,PR,under18,1998,,Puerto Rico
2463,PR,total,1998,,Puerto Rico
2464,PR,total,1997,,Puerto Rico
2465,PR,under18,1997,,Puerto Rico
2466,PR,total,1999,,Puerto Rico
2467,PR,under18,1999,,Puerto Rico
2468,PR,total,2000,3810605.0,Puerto Rico
2469,PR,under18,2000,1089063.0,Puerto Rico
2470,PR,total,2001,3818774.0,Puerto Rico
2471,PR,under18,2001,1077566.0,Puerto Rico
2472,PR,total,2002,3823701.0,Puerto Rico
2473,PR,under18,2002,1065051.0,Puerto Rico
2474,PR,total,2004,3826878.0,Puerto Rico
2475,PR,under18,2004,1035919.0,Puerto Rico
2476,PR,total,2003,3826095.0,Puerto Rico
2477,PR,under18,2003,1050615.0,Puerto Rico
2478,PR,total,2005,3821362.0,Puerto Rico
2479,PR,under18,2005,1019447.0,Puerto Rico
2480,PR,total,2006,3805214.0,Puerto Rico
2481,PR,under18,2006,998543.0,Puerto Rico
2482,PR,total,2007,3782995.0,Puerto Rico
2483,PR,under18,2007,973613.0,Puerto Rico
2484,PR,total,2008,3760866.0,Puerto Rico
2485,PR,under18,2008,945705.0,Puerto Rico
2486,PR,under18,2013,814068.0,Puerto Rico
2487,PR,total,2013,3615086.0,Puerto Rico
2488,PR,total,2009,3740410.0,Puerto Rico
2489,PR,under18,2009,920794.0,Puerto Rico
2490,PR,total,2010,3721208.0,Puerto Rico
2491,PR,under18,2010,896945.0,Puerto Rico
2492,PR,under18,2011,869327.0,Puerto Rico
2493,PR,total,2011,3686580.0,Puerto Rico
2494,PR,under18,2012,841740.0,Puerto Rico
2495,PR,total,2012,3651545.0,Puerto Rico
2496,USA,under18,1990,64218512.0,Unit states
2497,USA,total,1990,249622814.0,Unit states
2498,USA,total,1991,252980942.0,Unit states
2499,USA,under18,1991,65313018.0,Unit states
2500,USA,under18,1992,66509177.0,Unit states
2501,USA,total,1992,256514231.0,Unit states
2502,USA,total,1993,259918595.0,Unit states
2503,USA,under18,1993,67594938.0,Unit states
2504,USA,under18,1994,68640936.0,Unit states
2505,USA,total,1994,263125826.0,Unit states
2506,USA,under18,1995,69473140.0,Unit states
2507,USA,under18,1996,70233512.0,Unit states
2508,USA,total,1995,266278403.0,Unit states
2509,USA,total,1996,269394291.0,Unit states
2510,USA,total,1997,272646932.0,Unit states
2511,USA,under18,1997,70920738.0,Unit states
2512,USA,under18,1998,71431406.0,Unit states
2513,USA,total,1998,275854116.0,Unit states
2514,USA,under18,1999,71946051.0,Unit states
2515,USA,total,2000,282162411.0,Unit states
2516,USA,under18,2000,72376189.0,Unit states
2517,USA,total,1999,279040181.0,Unit states
2518,USA,total,2001,284968955.0,Unit states
2519,USA,under18,2001,72671175.0,Unit states
2520,USA,total,2002,287625193.0,Unit states
2521,USA,under18,2002,72936457.0,Unit states
2522,USA,total,2003,290107933.0,Unit states
2523,USA,under18,2003,73100758.0,Unit states
2524,USA,total,2004,292805298.0,Unit states
2525,USA,under18,2004,73297735.0,Unit states
2526,USA,total,2005,295516599.0,Unit states
2527,USA,under18,2005,73523669.0,Unit states
2528,USA,total,2006,298379912.0,Unit states
2529,USA,under18,2006,73757714.0,Unit states
2530,USA,total,2007,301231207.0,Unit states
2531,USA,under18,2007,74019405.0,Unit states
2532,USA,total,2008,304093966.0,Unit states
2533,USA,under18,2008,74104602.0,Unit states
2534,USA,under18,2013,73585872.0,Unit states
2535,USA,total,2013,316128839.0,Unit states
2536,USA,total,2009,306771529.0,Unit states
2537,USA,under18,2009,74134167.0,Unit states
2538,USA,under18,2010,74119556.0,Unit states
2539,USA,total,2010,309326295.0,Unit states
2540,USA,under18,2011,73902222.0,Unit states
2541,USA,total,2011,311582564.0,Unit states
2542,USA,under18,2012,73708179.0,Unit states
2543,USA,total,2012,313873685.0,Unit states
